order_item_id,created_at,order_id,price_usd,cogs_usd,website_session_id,product_id
3860,2013-04-01 00:20:52,3860,49.99,19.49,82304,1
3861,2013-04-01 03:10:18,3861,49.99,19.49,82325,1
3862,2013-04-01 05:08:56,3862,49.99,19.49,82335,1
3863,2013-04-01 05:34:33,3863,49.99,19.49,82337,1
3864,2013-04-01 07:30:33,3864,49.99,19.49,82344,1
3865,2013-04-01 08:08:28,3865,49.99,19.49,82352,1
3866,2013-04-01 09:36:08,3866,49.99,19.49,82374,1
3867,2013-04-01 10:16:31,3867,49.99,19.49,82385,1
3868,2013-04-01 10:41:16,3868,49.99,19.49,82397,1
3869,2013-04-01 12:23:04,3869,59.99,22.49,82425,2
3870,2013-04-01 14:04:44,3870,49.99,19.49,82466,1
3871,2013-04-01 14:17:38,3871,49.99,19.49,82470,1
3872,2013-04-01 15:12:39,3872,59.99,22.49,82480,2
3873,2013-04-01 15:18:13,3873,49.99,19.49,82481,1
3874,2013-04-01 15:31:07,3874,49.99,19.49,82486,1
3875,2013-04-01 15:53:48,3875,49.99,19.49,82494,1
3876,2013-04-01 16:01:08,3876,49.99,19.49,82498,1
3877,2013-04-01 17:06:33,3877,59.99,22.49,82508,2
3878,2013-04-01 17:20:12,3878,49.99,19.49,82509,1
3879,2013-04-01 17:21:53,3879,49.99,19.49,82512,1
3880,2013-04-01 18:00:32,3880,49.99,19.49,82521,1
3881,2013-04-01 20:40:41,3881,49.99,19.49,82550,1
3882,2013-04-01 22:05:22,3882,59.99,22.49,82562,2
3883,2013-04-01 22:28:53,3883,49.99,19.49,82565,1
3884,2013-04-02 00:27:03,3884,49.99,19.49,82584,1
3885,2013-04-02 05:05:29,3885,59.99,22.49,82604,2
3886,2013-04-02 05:23:35,3886,49.99,19.49,82606,1
3887,2013-04-02 07:40:02,3887,49.99,19.49,82620,1
3888,2013-04-02 08:19:05,3888,49.99,19.49,82625,1
3889,2013-04-02 08:32:12,3889,49.99,19.49,82627,1
3890,2013-04-02 10:44:33,3890,49.99,19.49,82652,1
3891,2013-04-02 11:32:53,3891,49.99,19.49,82675,1
3892,2013-04-02 13:00:36,3892,59.99,22.49,82697,2
3893,2013-04-02 13:08:43,3893,59.99,22.49,82699,2
3894,2013-04-02 13:21:39,3894,49.99,19.49,82702,1
3895,2013-04-02 14:08:33,3895,49.99,19.49,82720,1
3896,2013-04-02 15:14:04,3896,49.99,19.49,82735,1
3897,2013-04-02 16:01:51,3897,49.99,19.49,82755,1
3898,2013-04-02 16:23:18,3898,49.99,19.49,82763,1
3899,2013-04-02 17:35:37,3899,49.99,19.49,82778,1
3900,2013-04-02 17:46:50,3900,49.99,19.49,82784,1
3901,2013-04-02 18:10:33,3901,59.99,22.49,82794,2
3902,2013-04-02 18:22:37,3902,49.99,19.49,82796,1
3903,2013-04-02 18:34:53,3903,49.99,19.49,82801,1
3904,2013-04-02 19:17:02,3904,49.99,19.49,82819,1
3905,2013-04-02 19:27:29,3905,49.99,19.49,82820,1
3906,2013-04-02 19:31:25,3906,49.99,19.49,82821,1
3907,2013-04-02 20:32:29,3907,59.99,22.49,82834,2
3908,2013-04-02 20:45:34,3908,49.99,19.49,82841,1
3909,2013-04-02 21:25:50,3909,49.99,19.49,82851,1
3910,2013-04-03 01:42:24,3910,49.99,19.49,82882,1
3911,2013-04-03 03:34:17,3911,49.99,19.49,82891,1
3912,2013-04-03 04:52:50,3912,49.99,19.49,82905,1
3913,2013-04-03 05:49:43,3913,49.99,19.49,82914,1
3914,2013-04-03 07:13:50,3914,49.99,19.49,82922,1
3915,2013-04-03 08:12:48,3915,49.99,19.49,82930,1
3916,2013-04-03 10:24:58,3916,59.99,22.49,82955,2
3917,2013-04-03 10:42:52,3917,49.99,19.49,82959,1
3918,2013-04-03 12:33:30,3918,49.99,19.49,83014,1
3919,2013-04-03 13:28:40,3919,49.99,19.49,83037,1
3920,2013-04-03 13:30:14,3920,49.99,19.49,83038,1
3921,2013-04-03 15:42:10,3921,59.99,22.49,83080,2
3922,2013-04-03 16:32:02,3922,49.99,19.49,83096,1
3923,2013-04-03 17:30:20,3923,49.99,19.49,83118,1
3924,2013-04-03 17:53:54,3924,49.99,19.49,83123,1
3925,2013-04-03 18:25:07,3925,49.99,19.49,83134,1
3926,2013-04-03 19:28:08,3926,49.99,19.49,83146,1
3927,2013-04-03 19:52:45,3927,49.99,19.49,83153,1
3928,2013-04-03 20:03:05,3928,49.99,19.49,83159,1
3929,2013-04-03 20:45:21,3929,49.99,19.49,83170,1
3930,2013-04-03 21:26:44,3930,49.99,19.49,83176,1
3931,2013-04-03 21:27:35,3931,49.99,19.49,83179,1
3932,2013-04-03 21:39:39,3932,49.99,19.49,83181,1
3933,2013-04-03 22:45:43,3933,49.99,19.49,83191,1
3934,2013-04-04 08:30:33,3934,49.99,19.49,83261,1
3935,2013-04-04 10:22:03,3935,49.99,19.49,83286,1
3936,2013-04-04 10:53:25,3936,49.99,19.49,83299,1
3937,2013-04-04 12:24:37,3937,49.99,19.49,83328,1
3938,2013-04-04 12:37:37,3938,49.99,19.49,83332,1
3939,2013-04-04 12:42:36,3939,49.99,19.49,83334,1
3940,2013-04-04 13:02:22,3940,59.99,22.49,83339,2
3941,2013-04-04 13:24:10,3941,49.99,19.49,83349,1
3942,2013-04-04 14:56:12,3942,49.99,19.49,83371,1
3943,2013-04-04 15:06:09,3943,49.99,19.49,83376,1
3944,2013-04-04 15:12:38,3944,59.99,22.49,83385,2
3945,2013-04-04 15:22:46,3945,49.99,19.49,83387,1
3946,2013-04-04 16:10:27,3946,49.99,19.49,83409,1
3947,2013-04-04 16:18:27,3947,49.99,19.49,83413,1
3948,2013-04-04 16:46:58,3948,49.99,19.49,83421,1
3949,2013-04-04 17:30:04,3949,49.99,19.49,83437,1
3950,2013-04-04 17:38:37,3950,59.99,22.49,83438,2
3951,2013-04-04 18:04:53,3951,49.99,19.49,83452,1
3952,2013-04-04 18:18:11,3952,49.99,19.49,83456,1
3953,2013-04-04 19:44:15,3953,49.99,19.49,83464,1
3954,2013-04-04 20:02:21,3954,49.99,19.49,83467,1
3955,2013-04-04 20:58:23,3955,49.99,19.49,83477,1
3956,2013-04-05 02:29:31,3956,59.99,22.49,83529,2
3957,2013-04-05 06:40:05,3957,59.99,22.49,83544,2
3958,2013-04-05 08:40:26,3958,49.99,19.49,83560,1
3959,2013-04-05 10:59:25,3959,49.99,19.49,83607,1
3960,2013-04-05 11:36:54,3960,49.99,19.49,83621,1
3961,2013-04-05 11:52:50,3961,49.99,19.49,83624,1
3962,2013-04-05 12:46:19,3962,49.99,19.49,83642,1
3963,2013-04-05 13:03:53,3963,49.99,19.49,83654,1
3964,2013-04-05 13:41:45,3964,49.99,19.49,83665,1
3965,2013-04-05 14:00:14,3965,59.99,22.49,83671,2
3966,2013-04-05 14:17:27,3966,49.99,19.49,83679,1
3967,2013-04-05 14:29:02,3967,49.99,19.49,83681,1
3968,2013-04-05 14:38:01,3968,49.99,19.49,83684,1
3969,2013-04-05 14:51:08,3969,49.99,19.49,83692,1
3970,2013-04-05 15:44:57,3970,49.99,19.49,83708,1
3971,2013-04-05 15:55:10,3971,49.99,19.49,83711,1
3972,2013-04-05 17:19:38,3972,49.99,19.49,83735,1
3973,2013-04-05 17:28:08,3973,49.99,19.49,83739,1
3974,2013-04-05 20:40:03,3974,49.99,19.49,83764,1
3975,2013-04-05 21:11:35,3975,49.99,19.49,83767,1
3976,2013-04-05 22:31:07,3976,49.99,19.49,83775,1
3977,2013-04-06 06:40:28,3977,49.99,19.49,83808,1
3978,2013-04-06 07:21:08,3978,49.99,19.49,83815,1
3979,2013-04-06 11:20:40,3979,49.99,19.49,83842,1
3980,2013-04-06 13:17:24,3980,49.99,19.49,83851,1
3981,2013-04-06 14:25:02,3981,49.99,19.49,83862,1
3982,2013-04-06 15:26:41,3982,49.99,19.49,83872,1
3983,2013-04-06 16:37:31,3983,59.99,22.49,83879,2
3984,2013-04-06 18:14:13,3984,49.99,19.49,83890,1
3985,2013-04-06 19:17:38,3985,49.99,19.49,83901,1
3986,2013-04-06 20:12:03,3986,59.99,22.49,83904,2
3987,2013-04-07 06:36:07,3987,49.99,19.49,83941,1
3988,2013-04-07 07:02:36,3988,49.99,19.49,83943,1
3989,2013-04-07 10:59:51,3989,49.99,19.49,83961,1
3990,2013-04-07 11:29:31,3990,59.99,22.49,83965,2
3991,2013-04-07 12:46:21,3991,49.99,19.49,83972,1
3992,2013-04-07 13:34:31,3992,49.99,19.49,83976,1
3993,2013-04-07 13:58:36,3993,49.99,19.49,83980,1
3994,2013-04-07 15:07:31,3994,49.99,19.49,83989,1
3995,2013-04-07 15:55:28,3995,49.99,19.49,83993,1
3996,2013-04-07 17:04:12,3996,59.99,22.49,84001,2
3997,2013-04-07 18:48:54,3997,59.99,22.49,84016,2
3998,2013-04-07 21:57:24,3998,49.99,19.49,84048,1
3999,2013-04-08 02:58:20,3999,49.99,19.49,84085,1
4000,2013-04-08 06:26:35,4000,49.99,19.49,84105,1
4001,2013-04-08 07:04:11,4001,49.99,19.49,84109,1
4002,2013-04-08 08:34:11,4002,59.99,22.49,84120,2
4003,2013-04-08 09:19:58,4003,49.99,19.49,84132,1
4004,2013-04-08 09:30:03,4004,49.99,19.49,84136,1
4005,2013-04-08 10:19:04,4005,49.99,19.49,84146,1
4006,2013-04-08 10:20:20,4006,49.99,19.49,84149,1
4007,2013-04-08 11:06:45,4007,49.99,19.49,84163,1
4008,2013-04-08 11:15:49,4008,49.99,19.49,84168,1
4009,2013-04-08 14:58:15,4009,59.99,22.49,84235,2
4010,2013-04-08 15:17:58,4010,49.99,19.49,84241,1
4011,2013-04-08 15:25:24,4011,49.99,19.49,84244,1
4012,2013-04-08 16:24:44,4012,49.99,19.49,84259,1
4013,2013-04-08 17:56:39,4013,49.99,19.49,84281,1
4014,2013-04-08 22:15:21,4014,49.99,19.49,84333,1
4015,2013-04-08 22:19:24,4015,49.99,19.49,84335,1
4016,2013-04-08 22:38:00,4016,59.99,22.49,84338,2
4017,2013-04-09 00:07:35,4017,49.99,19.49,84352,1
4018,2013-04-09 00:10:18,4018,49.99,19.49,84355,1
4019,2013-04-09 01:05:36,4019,49.99,19.49,84364,1
4020,2013-04-09 02:23:19,4020,49.99,19.49,84377,1
4021,2013-04-09 09:20:04,4021,49.99,19.49,84403,1
4022,2013-04-09 09:26:32,4022,49.99,19.49,84405,1
4023,2013-04-09 09:43:48,4023,49.99,19.49,84410,1
4024,2013-04-09 11:53:01,4024,49.99,19.49,84459,1
4025,2013-04-09 12:15:01,4025,49.99,19.49,84467,1
4026,2013-04-09 13:54:30,4026,49.99,19.49,84508,1
4027,2013-04-09 16:11:32,4027,49.99,19.49,84550,1
4028,2013-04-09 16:25:48,4028,49.99,19.49,84553,1
4029,2013-04-09 16:37:54,4029,49.99,19.49,84559,1
4030,2013-04-09 16:58:12,4030,59.99,22.49,84566,2
4031,2013-04-09 17:11:12,4031,49.99,19.49,84571,1
4032,2013-04-09 19:50:27,4032,49.99,19.49,84614,1
4033,2013-04-09 21:01:41,4033,49.99,19.49,84624,1
4034,2013-04-09 21:10:55,4034,49.99,19.49,84626,1
4035,2013-04-09 21:28:47,4035,49.99,19.49,84630,1
4036,2013-04-09 22:39:57,4036,59.99,22.49,84646,2
4037,2013-04-09 23:05:09,4037,49.99,19.49,84652,1
4038,2013-04-09 23:11:44,4038,49.99,19.49,84653,1
4039,2013-04-10 04:20:12,4039,49.99,19.49,84685,1
4040,2013-04-10 07:16:05,4040,49.99,19.49,84698,1
4041,2013-04-10 08:21:54,4041,49.99,19.49,84712,1
4042,2013-04-10 08:59:05,4042,49.99,19.49,84720,1
4043,2013-04-10 11:26:12,4043,59.99,22.49,84785,2
4044,2013-04-10 11:29:16,4044,59.99,22.49,84783,2
4045,2013-04-10 11:55:06,4045,49.99,19.49,84787,1
4046,2013-04-10 12:19:17,4046,49.99,19.49,84800,1
4047,2013-04-10 15:43:01,4047,59.99,22.49,84868,2
4048,2013-04-10 16:26:12,4048,59.99,22.49,84881,2
4049,2013-04-10 18:02:19,4049,49.99,19.49,84919,1
4050,2013-04-10 18:21:43,4050,49.99,19.49,84926,1
4051,2013-04-10 19:19:37,4051,59.99,22.49,84937,2
4052,2013-04-10 20:19:14,4052,49.99,19.49,84952,1
4053,2013-04-10 20:23:29,4053,59.99,22.49,84953,2
4054,2013-04-10 22:43:46,4054,49.99,19.49,84978,1
4055,2013-04-10 22:50:14,4055,49.99,19.49,84979,1
4056,2013-04-10 22:53:16,4056,49.99,19.49,84981,1
4057,2013-04-10 23:07:10,4057,49.99,19.49,84987,1
4058,2013-04-10 23:57:26,4058,49.99,19.49,84994,1
4059,2013-04-11 03:38:39,4059,59.99,22.49,85017,2
4060,2013-04-11 06:27:11,4060,49.99,19.49,85027,1
4061,2013-04-11 07:36:39,4061,49.99,19.49,85034,1
4062,2013-04-11 08:10:45,4062,49.99,19.49,85041,1
4063,2013-04-11 09:39:44,4063,49.99,19.49,85060,1
4064,2013-04-11 10:33:58,4064,59.99,22.49,85083,2
4065,2013-04-11 11:43:18,4065,49.99,19.49,85118,1
4066,2013-04-11 11:49:14,4066,49.99,19.49,85121,1
4067,2013-04-11 12:54:36,4067,49.99,19.49,85136,1
4068,2013-04-11 13:21:42,4068,49.99,19.49,85150,1
4069,2013-04-11 13:57:31,4069,49.99,19.49,85167,1
4070,2013-04-11 15:20:27,4070,59.99,22.49,85194,2
4071,2013-04-11 15:20:45,4071,49.99,19.49,85195,1
4072,2013-04-11 18:51:37,4072,49.99,19.49,85271,1
4073,2013-04-11 21:48:28,4073,49.99,19.49,85315,1
4074,2013-04-12 00:37:15,4074,59.99,22.49,85343,2
4075,2013-04-12 02:04:15,4075,49.99,19.49,85352,1
4076,2013-04-12 06:39:26,4076,49.99,19.49,85375,1
4077,2013-04-12 06:49:11,4077,49.99,19.49,85376,1
4078,2013-04-12 09:09:33,4078,59.99,22.49,85406,2
4079,2013-04-12 09:42:11,4079,49.99,19.49,85417,1
4080,2013-04-12 09:51:43,4080,49.99,19.49,85425,1
4081,2013-04-12 11:36:30,4081,49.99,19.49,85454,1
4082,2013-04-12 12:42:49,4082,49.99,19.49,85476,1
4083,2013-04-12 13:37:37,4083,49.99,19.49,85495,1
4084,2013-04-12 13:46:23,4084,49.99,19.49,85498,1
4085,2013-04-12 14:03:28,4085,49.99,19.49,85504,1
4086,2013-04-12 14:25:48,4086,49.99,19.49,85514,1
4087,2013-04-12 14:26:25,4087,49.99,19.49,85512,1
4088,2013-04-12 14:39:34,4088,59.99,22.49,85516,2
4089,2013-04-12 14:50:45,4089,59.99,22.49,85520,2
4090,2013-04-12 14:53:23,4090,49.99,19.49,85523,1
4091,2013-04-12 15:03:31,4091,49.99,19.49,85526,1
4092,2013-04-12 15:58:51,4092,49.99,19.49,85539,1
4093,2013-04-12 16:34:26,4093,59.99,22.49,85558,2
4094,2013-04-12 18:17:53,4094,59.99,22.49,85581,2
4095,2013-04-12 19:12:37,4095,59.99,22.49,85593,2
4096,2013-04-12 20:01:37,4096,49.99,19.49,85600,1
4097,2013-04-12 20:42:05,4097,49.99,19.49,85602,1
4098,2013-04-13 04:08:11,4098,49.99,19.49,85639,1
4099,2013-04-13 09:03:43,4099,49.99,19.49,85654,1
4100,2013-04-13 10:17:10,4100,49.99,19.49,85671,1
4101,2013-04-13 11:10:05,4101,49.99,19.49,85678,1
4102,2013-04-13 12:46:13,4102,59.99,22.49,85686,2
4103,2013-04-13 12:51:00,4103,59.99,22.49,85687,2
4104,2013-04-13 13:50:56,4104,49.99,19.49,85698,1
4105,2013-04-13 16:51:15,4105,49.99,19.49,85728,1
4106,2013-04-13 17:11:41,4106,59.99,22.49,85730,2
4107,2013-04-13 20:46:18,4107,49.99,19.49,85746,1
4108,2013-04-14 05:14:03,4108,49.99,19.49,85785,1
4109,2013-04-14 08:41:19,4109,49.99,19.49,85798,1
4110,2013-04-14 15:16:00,4110,59.99,22.49,85842,2
4111,2013-04-14 19:22:55,4111,49.99,19.49,85878,1
4112,2013-04-14 20:21:21,4112,49.99,19.49,85885,1
4113,2013-04-14 21:56:51,4113,49.99,19.49,85894,1
4114,2013-04-15 01:28:46,4114,49.99,19.49,85927,1
4115,2013-04-15 02:13:10,4115,49.99,19.49,85934,1
4116,2013-04-15 04:24:20,4116,49.99,19.49,85952,1
4117,2013-04-15 05:13:09,4117,49.99,19.49,85955,1
4118,2013-04-15 06:19:03,4118,49.99,19.49,85962,1
4119,2013-04-15 06:26:01,4119,59.99,22.49,85964,2
4120,2013-04-15 07:20:30,4120,49.99,19.49,85967,1
4121,2013-04-15 11:03:45,4121,49.99,19.49,86026,1
4122,2013-04-15 11:11:50,4122,49.99,19.49,86027,1
4123,2013-04-15 11:52:17,4123,59.99,22.49,86043,2
4124,2013-04-15 12:06:27,4124,49.99,19.49,86051,1
4125,2013-04-15 12:34:15,4125,49.99,19.49,86061,1
4126,2013-04-15 13:45:49,4126,49.99,19.49,86088,1
4127,2013-04-15 15:26:20,4127,49.99,19.49,86110,1
4128,2013-04-15 15:45:57,4128,49.99,19.49,86114,1
4129,2013-04-15 18:38:10,4129,49.99,19.49,86151,1
4130,2013-04-15 19:42:38,4130,49.99,19.49,86160,1
4131,2013-04-15 20:06:57,4131,59.99,22.49,86163,2
4132,2013-04-15 21:39:19,4132,49.99,19.49,86186,1
4133,2013-04-15 21:40:58,4133,49.99,19.49,86187,1
4134,2013-04-15 22:56:37,4134,49.99,19.49,86202,1
4135,2013-04-16 04:47:05,4135,49.99,19.49,86240,1
4136,2013-04-16 05:11:52,4136,49.99,19.49,86244,1
4137,2013-04-16 05:31:03,4137,49.99,19.49,86248,1
4138,2013-04-16 05:33:11,4138,49.99,19.49,86249,1
4139,2013-04-16 06:27:17,4139,49.99,19.49,86254,1
4140,2013-04-16 09:30:01,4140,49.99,19.49,86287,1
4141,2013-04-16 10:06:10,4141,49.99,19.49,86292,1
4142,2013-04-16 10:51:53,4142,49.99,19.49,86305,1
4143,2013-04-16 10:52:11,4143,49.99,19.49,86303,1
4144,2013-04-16 11:00:43,4144,49.99,19.49,86308,1
4145,2013-04-16 11:03:47,4145,49.99,19.49,86311,1
4146,2013-04-16 11:26:29,4146,49.99,19.49,86319,1
4147,2013-04-16 12:19:11,4147,49.99,19.49,86348,1
4148,2013-04-16 12:25:40,4148,59.99,22.49,86353,2
4149,2013-04-16 13:19:52,4149,59.99,22.49,86370,2
4150,2013-04-16 13:55:49,4150,49.99,19.49,86391,1
4151,2013-04-16 15:24:13,4151,49.99,19.49,86429,1
4152,2013-04-16 16:14:10,4152,49.99,19.49,86446,1
4153,2013-04-16 16:36:26,4153,49.99,19.49,86455,1
4154,2013-04-16 17:35:44,4154,59.99,22.49,86471,2
4155,2013-04-16 17:41:24,4155,49.99,19.49,86472,1
4156,2013-04-16 18:29:37,4156,49.99,19.49,86489,1
4157,2013-04-16 19:03:49,4157,49.99,19.49,86494,1
4158,2013-04-17 03:03:33,4158,49.99,19.49,86576,1
4159,2013-04-17 05:04:23,4159,49.99,19.49,86586,1
4160,2013-04-17 06:44:58,4160,49.99,19.49,86595,1
4161,2013-04-17 07:38:11,4161,49.99,19.49,86603,1
4162,2013-04-17 09:07:33,4162,49.99,19.49,86621,1
4163,2013-04-17 09:32:23,4163,49.99,19.49,86629,1
4164,2013-04-17 09:35:26,4164,59.99,22.49,86626,2
4165,2013-04-17 10:04:17,4165,49.99,19.49,86638,1
4166,2013-04-17 10:21:24,4166,49.99,19.49,86643,1
4167,2013-04-17 11:35:00,4167,49.99,19.49,86663,1
4168,2013-04-17 12:23:31,4168,49.99,19.49,86684,1
4169,2013-04-17 13:07:38,4169,49.99,19.49,86708,1
4170,2013-04-17 15:55:47,4170,49.99,19.49,86768,1
4171,2013-04-17 17:15:42,4171,49.99,19.49,86794,1
4172,2013-04-17 17:48:17,4172,59.99,22.49,86804,2
4173,2013-04-17 18:39:39,4173,49.99,19.49,86814,1
4174,2013-04-17 18:44:54,4174,49.99,19.49,86819,1
4175,2013-04-17 19:22:24,4175,49.99,19.49,86839,1
4176,2013-04-17 19:24:58,4176,49.99,19.49,86840,1
4177,2013-04-17 19:56:22,4177,49.99,19.49,86845,1
4178,2013-04-17 20:05:30,4178,49.99,19.49,86846,1
4179,2013-04-17 20:13:42,4179,49.99,19.49,86850,1
4180,2013-04-17 21:25:43,4180,59.99,22.49,86865,2
4181,2013-04-17 23:20:07,4181,49.99,19.49,86881,1
4182,2013-04-17 23:52:26,4182,49.99,19.49,86887,1
4183,2013-04-18 08:27:40,4183,49.99,19.49,86951,1
4184,2013-04-18 09:45:04,4184,49.99,19.49,86971,1
4185,2013-04-18 10:21:49,4185,49.99,19.49,86981,1
4186,2013-04-18 10:51:43,4186,49.99,19.49,86989,1
4187,2013-04-18 12:02:07,4187,49.99,19.49,87016,1
4188,2013-04-18 12:04:01,4188,49.99,19.49,87021,1
4189,2013-04-18 12:10:17,4189,49.99,19.49,87022,1
4190,2013-04-18 12:36:24,4190,49.99,19.49,87030,1
4191,2013-04-18 12:50:32,4191,49.99,19.49,87033,1
4192,2013-04-18 13:18:11,4192,59.99,22.49,87046,2
4193,2013-04-18 13:23:58,4193,49.99,19.49,87049,1
4194,2013-04-18 13:35:59,4194,49.99,19.49,87055,1
4195,2013-04-18 14:39:48,4195,49.99,19.49,87088,1
4196,2013-04-18 15:13:11,4196,59.99,22.49,87098,2
4197,2013-04-18 15:33:39,4197,49.99,19.49,87112,1
4198,2013-04-18 16:32:07,4198,49.99,19.49,87131,1
4199,2013-04-18 16:36:33,4199,49.99,19.49,87133,1
4200,2013-04-18 16:53:45,4200,49.99,19.49,87139,1
4201,2013-04-18 19:06:09,4201,49.99,19.49,87185,1
4202,2013-04-18 20:13:09,4202,49.99,19.49,87208,1
4203,2013-04-18 20:53:45,4203,59.99,22.49,87216,2
4204,2013-04-18 22:12:12,4204,49.99,19.49,87231,1
4205,2013-04-18 22:24:46,4205,49.99,19.49,87232,1
4206,2013-04-18 23:59:36,4206,59.99,22.49,87247,2
4207,2013-04-19 00:26:06,4207,49.99,19.49,87254,1
4208,2013-04-19 02:23:14,4208,49.99,19.49,87265,1
4209,2013-04-19 02:58:45,4209,49.99,19.49,87270,1
4210,2013-04-19 04:16:01,4210,59.99,22.49,87273,2
4211,2013-04-19 07:28:42,4211,59.99,22.49,87293,2
4212,2013-04-19 08:23:52,4212,49.99,19.49,87303,1
4213,2013-04-19 08:26:50,4213,49.99,19.49,87302,1
4214,2013-04-19 10:04:16,4214,49.99,19.49,87316,1
4215,2013-04-19 12:02:36,4215,49.99,19.49,87364,1
4216,2013-04-19 12:37:48,4216,49.99,19.49,87384,1
4217,2013-04-19 13:47:16,4217,49.99,19.49,87412,1
4218,2013-04-19 14:22:35,4218,49.99,19.49,87417,1
4219,2013-04-19 14:36:11,4219,49.99,19.49,87423,1
4220,2013-04-19 15:08:39,4220,49.99,19.49,87438,1
4221,2013-04-19 15:36:52,4221,49.99,19.49,87446,1
4222,2013-04-19 15:42:18,4222,49.99,19.49,87447,1
4223,2013-04-19 15:44:06,4223,59.99,22.49,87448,2
4224,2013-04-19 15:50:47,4224,49.99,19.49,87451,1
4225,2013-04-19 15:51:58,4225,49.99,19.49,87453,1
4226,2013-04-19 16:16:39,4226,59.99,22.49,87463,2
4227,2013-04-19 16:30:56,4227,49.99,19.49,87468,1
4228,2013-04-20 01:48:12,4228,49.99,19.49,87544,1
4229,2013-04-20 06:20:52,4229,59.99,22.49,87563,2
4230,2013-04-20 09:59:33,4230,49.99,19.49,87575,1
4231,2013-04-20 10:08:44,4231,49.99,19.49,87577,1
4232,2013-04-20 11:17:07,4232,49.99,19.49,87585,1
4233,2013-04-20 13:14:35,4233,49.99,19.49,87594,1
4234,2013-04-20 13:34:55,4234,49.99,19.49,87596,1
4235,2013-04-20 14:37:57,4235,49.99,19.49,87606,1
4236,2013-04-20 15:15:25,4236,49.99,19.49,87617,1
4237,2013-04-20 18:08:22,4237,49.99,19.49,87640,1
4238,2013-04-20 21:40:13,4238,49.99,19.49,87667,1
4239,2013-04-20 22:44:52,4239,49.99,19.49,87674,1
4240,2013-04-21 03:42:06,4240,49.99,19.49,87694,1
4241,2013-04-21 09:16:32,4241,59.99,22.49,87707,2
4242,2013-04-21 15:45:57,4242,49.99,19.49,87746,1
4243,2013-04-21 19:05:10,4243,49.99,19.49,87769,1
4244,2013-04-21 22:02:18,4244,49.99,19.49,87797,1
4245,2013-04-22 05:00:05,4245,49.99,19.49,87855,1
4246,2013-04-22 07:30:34,4246,49.99,19.49,87870,1
4247,2013-04-22 09:21:17,4247,49.99,19.49,87892,1
4248,2013-04-22 10:22:38,4248,49.99,19.49,87908,1
4249,2013-04-22 10:37:35,4249,59.99,22.49,87916,2
4250,2013-04-22 11:34:32,4250,49.99,19.49,87934,1
4251,2013-04-22 12:01:06,4251,49.99,19.49,87945,1
4252,2013-04-22 12:58:27,4252,59.99,22.49,87961,2
4253,2013-04-22 13:29:54,4253,49.99,19.49,87967,1
4254,2013-04-22 14:08:41,4254,59.99,22.49,87981,2
4255,2013-04-22 14:42:21,4255,49.99,19.49,87988,1
4256,2013-04-22 14:51:33,4256,49.99,19.49,87991,1
4257,2013-04-22 17:01:17,4257,49.99,19.49,88032,1
4258,2013-04-22 17:54:51,4258,49.99,19.49,88049,1
4259,2013-04-22 18:10:07,4259,49.99,19.49,88054,1
4260,2013-04-22 18:57:26,4260,59.99,22.49,88064,2
4261,2013-04-23 08:31:29,4261,49.99,19.49,88161,1
4262,2013-04-23 09:42:08,4262,49.99,19.49,88169,1
4263,2013-04-23 10:21:28,4263,49.99,19.49,88181,1
4264,2013-04-23 11:27:04,4264,49.99,19.49,88196,1
4265,2013-04-23 11:29:52,4265,49.99,19.49,88197,1
4266,2013-04-23 12:40:15,4266,59.99,22.49,88220,2
4267,2013-04-23 13:00:34,4267,49.99,19.49,88225,1
4268,2013-04-23 14:42:51,4268,49.99,19.49,88267,1
4269,2013-04-23 15:24:02,4269,49.99,19.49,88283,1
4270,2013-04-23 15:44:54,4270,49.99,19.49,88289,1
4271,2013-04-23 17:18:35,4271,49.99,19.49,88308,1
4272,2013-04-23 17:30:29,4272,49.99,19.49,88317,1
4273,2013-04-23 19:20:32,4273,49.99,19.49,88339,1
4274,2013-04-23 22:59:00,4274,49.99,19.49,88381,1
4275,2013-04-24 00:38:23,4275,49.99,19.49,88392,1
4276,2013-04-24 01:10:40,4276,49.99,19.49,88397,1
4277,2013-04-24 05:09:41,4277,59.99,22.49,88416,2
4278,2013-04-24 06:11:27,4278,49.99,19.49,88422,1
4279,2013-04-24 06:28:26,4279,49.99,19.49,88424,1
4280,2013-04-24 08:24:25,4280,59.99,22.49,88435,2
4281,2013-04-24 09:07:06,4281,49.99,19.49,88446,1
4282,2013-04-24 09:34:40,4282,49.99,19.49,88450,1
4283,2013-04-24 10:08:45,4283,49.99,19.49,88459,1
4284,2013-04-24 10:22:33,4284,49.99,19.49,88464,1
4285,2013-04-24 10:22:45,4285,49.99,19.49,88463,1
4286,2013-04-24 11:13:27,4286,49.99,19.49,88481,1
4287,2013-04-24 11:37:17,4287,59.99,22.49,88492,2
4288,2013-04-24 11:57:11,4288,49.99,19.49,88495,1
4289,2013-04-24 12:54:29,4289,49.99,19.49,88519,1
4290,2013-04-24 13:57:05,4290,49.99,19.49,88541,1
4291,2013-04-24 14:51:45,4291,49.99,19.49,88558,1
4292,2013-04-24 15:02:41,4292,49.99,19.49,88563,1
4293,2013-04-24 15:08:58,4293,49.99,19.49,88564,1
4294,2013-04-24 17:20:36,4294,49.99,19.49,88625,1
4295,2013-04-24 19:59:35,4295,49.99,19.49,88653,1
4296,2013-04-24 20:46:50,4296,49.99,19.49,88664,1
4297,2013-04-24 20:51:40,4297,59.99,22.49,88665,2
4298,2013-04-24 21:31:18,4298,49.99,19.49,88671,1
4299,2013-04-25 11:00:30,4299,59.99,22.49,88773,2
4300,2013-04-25 12:45:29,4300,49.99,19.49,88813,1
4301,2013-04-25 13:16:08,4301,49.99,19.49,88826,1
4302,2013-04-25 14:15:35,4302,49.99,19.49,88853,1
4303,2013-04-25 14:39:25,4303,49.99,19.49,88862,1
4304,2013-04-25 15:55:59,4304,59.99,22.49,88894,2
4305,2013-04-25 16:32:12,4305,49.99,19.49,88907,1
4306,2013-04-25 17:51:01,4306,49.99,19.49,88930,1
4307,2013-04-25 18:44:38,4307,49.99,19.49,88948,1
4308,2013-04-25 19:36:45,4308,59.99,22.49,88959,2
4309,2013-04-25 19:48:14,4309,49.99,19.49,88962,1
4310,2013-04-25 22:13:48,4310,49.99,19.49,88980,1
4311,2013-04-25 22:50:13,4311,49.99,19.49,88987,1
4312,2013-04-25 23:01:15,4312,49.99,19.49,88990,1
4313,2013-04-25 23:52:42,4313,49.99,19.49,89001,1
4314,2013-04-26 00:17:39,4314,49.99,19.49,89004,1
4315,2013-04-26 06:06:21,4315,49.99,19.49,89034,1
4316,2013-04-26 06:22:37,4316,49.99,19.49,89035,1
4317,2013-04-26 08:20:15,4317,49.99,19.49,89055,1
4318,2013-04-26 08:23:18,4318,49.99,19.49,89053,1
4319,2013-04-26 09:23:28,4319,59.99,22.49,89068,2
4320,2013-04-26 10:03:33,4320,49.99,19.49,89086,1
4321,2013-04-26 10:53:41,4321,49.99,19.49,89100,1
4322,2013-04-26 10:57:37,4322,49.99,19.49,89103,1
4323,2013-04-26 11:28:48,4323,49.99,19.49,89112,1
4324,2013-04-26 12:07:44,4324,49.99,19.49,89123,1
4325,2013-04-26 12:18:22,4325,49.99,19.49,89126,1
4326,2013-04-26 12:29:55,4326,49.99,19.49,89131,1
4327,2013-04-26 12:50:30,4327,49.99,19.49,89134,1
4328,2013-04-26 13:09:42,4328,49.99,19.49,89139,1
4329,2013-04-26 13:38:27,4329,49.99,19.49,89146,1
4330,2013-04-26 14:37:47,4330,59.99,22.49,89161,2
4331,2013-04-26 15:20:17,4331,49.99,19.49,89175,1
4332,2013-04-26 15:22:07,4332,49.99,19.49,89172,1
4333,2013-04-26 16:16:05,4333,49.99,19.49,89199,1
4334,2013-04-26 16:49:32,4334,49.99,19.49,89208,1
4335,2013-04-26 16:54:56,4335,49.99,19.49,89212,1
4336,2013-04-26 17:32:22,4336,59.99,22.49,89223,2
4337,2013-04-26 17:39:51,4337,49.99,19.49,89228,1
4338,2013-04-26 17:43:35,4338,59.99,22.49,89227,2
4339,2013-04-26 18:50:46,4339,49.99,19.49,89241,1
4340,2013-04-26 21:35:52,4340,49.99,19.49,89262,1
4341,2013-04-26 21:48:32,4341,49.99,19.49,89263,1
4342,2013-04-27 04:36:20,4342,49.99,19.49,89303,1
4343,2013-04-27 04:57:37,4343,49.99,19.49,89306,1
4344,2013-04-27 08:05:01,4344,49.99,19.49,89318,1
4345,2013-04-27 13:59:42,4345,59.99,22.49,89359,2
4346,2013-04-27 14:05:31,4346,49.99,19.49,89360,1
4347,2013-04-27 18:55:00,4347,49.99,19.49,89390,1
4348,2013-04-27 19:10:44,4348,49.99,19.49,89394,1
4349,2013-04-27 19:23:48,4349,49.99,19.49,89395,1
4350,2013-04-27 20:37:01,4350,49.99,19.49,89401,1
4351,2013-04-27 21:08:57,4351,49.99,19.49,89402,1
4352,2013-04-27 22:04:47,4352,49.99,19.49,89413,1
4353,2013-04-27 22:37:42,4353,49.99,19.49,89414,1
4354,2013-04-28 00:13:18,4354,49.99,19.49,89422,1
4355,2013-04-28 03:18:54,4355,49.99,19.49,89431,1
4356,2013-04-28 05:12:22,4356,49.99,19.49,89441,1
4357,2013-04-28 07:49:45,4357,49.99,19.49,89454,1
4358,2013-04-28 15:14:54,4358,49.99,19.49,89516,1
4359,2013-04-28 16:49:38,4359,59.99,22.49,89526,2
4360,2013-04-28 17:54:55,4360,49.99,19.49,89537,1
4361,2013-04-28 21:54:27,4361,49.99,19.49,89585,1
4362,2013-04-29 00:06:28,4362,49.99,19.49,89612,1
4363,2013-04-29 06:20:43,4363,49.99,19.49,89649,1
4364,2013-04-29 07:47:31,4364,59.99,22.49,89660,2
4365,2013-04-29 08:13:00,4365,49.99,19.49,89662,1
4366,2013-04-29 09:26:56,4366,49.99,19.49,89678,1
4367,2013-04-29 09:38:50,4367,49.99,19.49,89682,1
4368,2013-04-29 09:55:00,4368,59.99,22.49,89685,2
4369,2013-04-29 10:43:49,4369,49.99,19.49,89713,1
4370,2013-04-29 11:38:55,4370,59.99,22.49,89727,2
4371,2013-04-29 11:42:38,4371,49.99,19.49,89726,1
4372,2013-04-29 11:53:11,4372,49.99,19.49,89731,1
4373,2013-04-29 12:29:32,4373,49.99,19.49,89741,1
4374,2013-04-29 13:42:01,4374,49.99,19.49,89768,1
4375,2013-04-29 13:53:08,4375,49.99,19.49,89773,1
4376,2013-04-29 14:00:41,4376,49.99,19.49,89776,1
4377,2013-04-29 14:21:00,4377,49.99,19.49,89780,1
4378,2013-04-29 14:34:07,4378,59.99,22.49,89783,2
4379,2013-04-29 14:44:47,4379,49.99,19.49,89788,1
4380,2013-04-29 15:32:35,4380,49.99,19.49,89805,1
4381,2013-04-29 15:55:21,4381,59.99,22.49,89813,2
4382,2013-04-29 16:29:49,4382,49.99,19.49,89829,1
4383,2013-04-29 16:42:38,4383,49.99,19.49,89833,1
4384,2013-04-29 17:10:46,4384,49.99,19.49,89848,1
4385,2013-04-29 17:17:58,4385,59.99,22.49,89852,2
4386,2013-04-29 18:12:25,4386,49.99,19.49,89869,1
4387,2013-04-29 18:40:32,4387,49.99,19.49,89876,1
4388,2013-04-29 19:27:05,4388,49.99,19.49,89883,1
4389,2013-04-29 21:56:38,4389,49.99,19.49,89918,1
4390,2013-04-29 22:14:11,4390,59.99,22.49,89920,2
4391,2013-04-29 22:22:13,4391,49.99,19.49,89921,1
4392,2013-04-29 22:48:56,4392,49.99,19.49,89924,1
4393,2013-04-29 23:36:09,4393,49.99,19.49,89931,1
4394,2013-04-30 05:42:19,4394,49.99,19.49,89970,1
4395,2013-04-30 05:59:21,4395,49.99,19.49,89975,1
4396,2013-04-30 07:28:40,4396,49.99,19.49,89987,1
4397,2013-04-30 07:47:25,4397,49.99,19.49,89990,1
4398,2013-04-30 08:21:36,4398,59.99,22.49,89994,2
4399,2013-04-30 09:56:04,4399,49.99,19.49,90019,1
4400,2013-04-30 10:26:47,4400,49.99,19.49,90028,1
4401,2013-04-30 13:36:17,4401,49.99,19.49,90095,1
4402,2013-04-30 14:35:23,4402,49.99,19.49,90118,1
4403,2013-04-30 14:35:47,4403,49.99,19.49,90117,1
4404,2013-04-30 16:04:38,4404,49.99,19.49,90146,1
4405,2013-04-30 16:33:29,4405,59.99,22.49,90161,2
4406,2013-04-30 16:39:53,4406,49.99,19.49,90162,1
4407,2013-04-30 18:51:21,4407,49.99,19.49,90207,1
4408,2013-04-30 19:29:51,4408,49.99,19.49,90213,1
4409,2013-04-30 19:41:57,4409,49.99,19.49,90217,1
4410,2013-04-30 20:55:14,4410,49.99,19.49,90242,1
4411,2013-04-30 21:08:25,4411,49.99,19.49,90246,1
4412,2013-04-30 23:38:31,4412,59.99,22.49,90272,2
4413,2013-05-01 00:53:39,4413,49.99,19.49,90278,1
4414,2013-05-01 01:56:32,4414,49.99,19.49,90282,1
4415,2013-05-01 02:16:42,4415,49.99,19.49,90284,1
4416,2013-05-01 02:19:53,4416,49.99,19.49,90285,1
4417,2013-05-01 02:44:36,4417,49.99,19.49,90287,1
4418,2013-05-01 02:52:53,4418,49.99,19.49,90288,1
4419,2013-05-01 04:24:43,4419,49.99,19.49,90300,1
4420,2013-05-01 07:34:56,4420,49.99,19.49,90330,1
4421,2013-05-01 07:47:48,4421,49.99,19.49,90333,1
4422,2013-05-01 08:28:13,4422,49.99,19.49,90345,1
4423,2013-05-01 09:19:17,4423,49.99,19.49,90362,1
4424,2013-05-01 09:33:34,4424,49.99,19.49,90367,1
4425,2013-05-01 10:40:46,4425,49.99,19.49,90385,1
4426,2013-05-01 10:57:54,4426,49.99,19.49,90395,1
4427,2013-05-01 11:13:51,4427,49.99,19.49,90403,1
4428,2013-05-01 11:55:32,4428,49.99,19.49,90419,1
4429,2013-05-01 12:13:14,4429,49.99,19.49,90429,1
4430,2013-05-01 13:01:26,4430,49.99,19.49,90449,1
4431,2013-05-01 13:08:55,4431,49.99,19.49,90453,1
4432,2013-05-01 13:29:27,4432,49.99,19.49,90462,1
4433,2013-05-01 13:31:49,4433,49.99,19.49,90468,1
4434,2013-05-01 13:34:14,4434,49.99,19.49,90464,1
4435,2013-05-01 13:42:24,4435,59.99,22.49,90472,2
4436,2013-05-01 14:31:08,4436,49.99,19.49,90487,1
4437,2013-05-01 15:42:27,4437,49.99,19.49,90520,1
4438,2013-05-01 16:38:13,4438,49.99,19.49,90551,1
4439,2013-05-01 16:48:31,4439,49.99,19.49,90553,1
4440,2013-05-01 17:08:25,4440,49.99,19.49,90558,1
4441,2013-05-01 17:12:08,4441,49.99,19.49,90555,1
4442,2013-05-01 18:18:08,4442,49.99,19.49,90580,1
4443,2013-05-01 21:02:27,4443,49.99,19.49,90606,1
4444,2013-05-01 21:35:19,4444,49.99,19.49,90610,1
4445,2013-05-01 21:41:03,4445,49.99,19.49,90614,1
4446,2013-05-01 22:31:15,4446,49.99,19.49,90626,1
4447,2013-05-01 23:41:00,4447,49.99,19.49,90640,1
4448,2013-05-02 00:55:30,4448,49.99,19.49,90650,1
4449,2013-05-02 02:37:19,4449,49.99,19.49,90658,1
4450,2013-05-02 03:37:45,4450,49.99,19.49,90665,1
4451,2013-05-02 04:12:54,4451,49.99,19.49,90669,1
4452,2013-05-02 04:43:51,4452,49.99,19.49,90672,1
4453,2013-05-02 05:32:12,4453,49.99,19.49,90678,1
4454,2013-05-02 08:17:21,4454,49.99,19.49,90702,1
4455,2013-05-02 09:13:02,4455,49.99,19.49,90715,1
4456,2013-05-02 09:51:15,4456,49.99,19.49,90724,1
4457,2013-05-02 11:13:09,4457,49.99,19.49,90752,1
4458,2013-05-02 12:17:23,4458,59.99,22.49,90774,2
4459,2013-05-02 13:15:52,4459,49.99,19.49,90787,1
4460,2013-05-02 13:37:08,4460,59.99,22.49,90793,2
4461,2013-05-02 14:03:53,4461,49.99,19.49,90801,1
4462,2013-05-02 15:06:14,4462,49.99,19.49,90828,1
4463,2013-05-02 15:44:14,4463,49.99,19.49,90844,1
4464,2013-05-02 16:07:06,4464,49.99,19.49,90852,1
4465,2013-05-02 16:16:35,4465,49.99,19.49,90857,1
4466,2013-05-02 16:43:23,4466,49.99,19.49,90865,1
4467,2013-05-02 16:52:23,4467,59.99,22.49,90866,2
4468,2013-05-02 18:29:51,4468,49.99,19.49,90891,1
4469,2013-05-02 23:54:13,4469,49.99,19.49,90952,1
4470,2013-05-03 02:52:24,4470,49.99,19.49,90969,1
4471,2013-05-03 03:17:33,4471,49.99,19.49,90973,1
4472,2013-05-03 08:19:06,4472,49.99,19.49,90995,1
4473,2013-05-03 08:54:12,4473,49.99,19.49,91001,1
4474,2013-05-03 10:22:43,4474,59.99,22.49,91028,2
4475,2013-05-03 10:40:06,4475,49.99,19.49,91037,1
4476,2013-05-03 11:01:48,4476,59.99,22.49,91044,2
4477,2013-05-03 11:58:27,4477,59.99,22.49,91058,2
4478,2013-05-03 12:22:48,4478,49.99,19.49,91063,1
4479,2013-05-03 14:33:16,4479,49.99,19.49,91103,1
4480,2013-05-03 15:15:03,4480,49.99,19.49,91114,1
4481,2013-05-03 15:20:04,4481,49.99,19.49,91116,1
4482,2013-05-03 15:31:53,4482,49.99,19.49,91119,1
4483,2013-05-03 16:47:33,4483,59.99,22.49,91138,2
4484,2013-05-03 17:27:02,4484,59.99,22.49,91151,2
4485,2013-05-03 19:28:18,4485,49.99,19.49,91180,1
4486,2013-05-03 19:48:22,4486,59.99,22.49,91187,2
4487,2013-05-04 01:19:05,4487,49.99,19.49,91234,1
4488,2013-05-04 04:24:59,4488,49.99,19.49,91247,1
4489,2013-05-04 12:07:35,4489,49.99,19.49,91302,1
4490,2013-05-04 13:16:46,4490,49.99,19.49,91315,1
4491,2013-05-04 15:35:04,4491,49.99,19.49,91325,1
4492,2013-05-04 18:08:02,4492,49.99,19.49,91342,1
4493,2013-05-04 18:23:35,4493,49.99,19.49,91347,1
4494,2013-05-04 23:51:41,4494,49.99,19.49,91381,1
4495,2013-05-05 04:15:15,4495,49.99,19.49,91399,1
4496,2013-05-05 07:45:54,4496,49.99,19.49,91405,1
4497,2013-05-05 07:48:53,4497,49.99,19.49,91406,1
4498,2013-05-05 08:00:27,4498,49.99,19.49,91408,1
4499,2013-05-05 08:26:16,4499,49.99,19.49,91409,1
4500,2013-05-05 09:08:48,4500,49.99,19.49,91413,1
4501,2013-05-05 09:25:46,4501,59.99,22.49,91414,2
4502,2013-05-05 09:32:39,4502,49.99,19.49,91415,1
4503,2013-05-05 13:51:55,4503,59.99,22.49,91441,2
4504,2013-05-05 14:33:39,4504,49.99,19.49,91448,1
4505,2013-05-05 15:19:11,4505,49.99,19.49,91451,1
4506,2013-05-05 17:06:27,4506,49.99,19.49,91467,1
4507,2013-05-05 18:03:29,4507,49.99,19.49,91479,1
4508,2013-05-05 19:16:04,4508,49.99,19.49,91484,1
4509,2013-05-05 21:01:35,4509,59.99,22.49,91492,2
4510,2013-05-05 21:51:02,4510,59.99,22.49,91498,2
4511,2013-05-06 02:33:20,4511,49.99,19.49,91533,1
4512,2013-05-06 06:11:34,4512,49.99,19.49,91558,1
4513,2013-05-06 06:16:16,4513,49.99,19.49,91560,1
4514,2013-05-06 06:56:28,4514,49.99,19.49,91561,1
4515,2013-05-06 08:19:15,4515,59.99,22.49,91574,2
4516,2013-05-06 09:02:01,4516,59.99,22.49,91581,2
4517,2013-05-06 11:08:31,4517,49.99,19.49,91628,1
4518,2013-05-06 11:41:53,4518,49.99,19.49,91638,1
4519,2013-05-06 12:01:12,4519,49.99,19.49,91642,1
4520,2013-05-06 12:11:40,4520,49.99,19.49,91645,1
4521,2013-05-06 12:33:54,4521,59.99,22.49,91654,2
4522,2013-05-06 12:56:45,4522,49.99,19.49,91666,1
4523,2013-05-06 14:44:53,4523,49.99,19.49,91696,1
4524,2013-05-06 15:04:06,4524,49.99,19.49,91701,1
4525,2013-05-06 17:25:08,4525,49.99,19.49,91755,1
4526,2013-05-06 17:50:26,4526,49.99,19.49,91770,1
4527,2013-05-06 17:52:24,4527,49.99,19.49,91771,1
4528,2013-05-06 18:47:40,4528,49.99,19.49,91786,1
4529,2013-05-06 19:21:52,4529,49.99,19.49,91795,1
4530,2013-05-06 20:26:42,4530,49.99,19.49,91810,1
4531,2013-05-06 20:38:44,4531,59.99,22.49,91811,2
4532,2013-05-06 21:00:02,4532,49.99,19.49,91820,1
4533,2013-05-06 21:36:49,4533,49.99,19.49,91826,1
4534,2013-05-06 21:39:00,4534,49.99,19.49,91829,1
4535,2013-05-06 23:01:26,4535,49.99,19.49,91846,1
4536,2013-05-07 00:18:49,4536,49.99,19.49,91852,1
4537,2013-05-07 01:33:52,4537,49.99,19.49,91856,1
4538,2013-05-07 09:56:44,4538,49.99,19.49,91916,1
4539,2013-05-07 11:07:04,4539,49.99,19.49,91941,1
4540,2013-05-07 14:37:28,4540,49.99,19.49,92021,1
4541,2013-05-07 16:13:33,4541,49.99,19.49,92053,1
4542,2013-05-07 16:13:54,4542,49.99,19.49,92055,1
4543,2013-05-07 17:04:53,4543,49.99,19.49,92075,1
4544,2013-05-07 17:58:53,4544,49.99,19.49,92094,1
4545,2013-05-07 22:37:51,4545,49.99,19.49,92152,1
4546,2013-05-08 03:25:51,4546,49.99,19.49,92191,1
4547,2013-05-08 06:30:54,4547,49.99,19.49,92207,1
4548,2013-05-08 07:10:24,4548,49.99,19.49,92215,1
4549,2013-05-08 07:24:42,4549,49.99,19.49,92217,1
4550,2013-05-08 08:03:23,4550,49.99,19.49,92221,1
4551,2013-05-08 08:57:05,4551,49.99,19.49,92232,1
4552,2013-05-08 08:58:25,4552,49.99,19.49,92234,1
4553,2013-05-08 09:59:08,4553,49.99,19.49,92253,1
4554,2013-05-08 10:57:07,4554,49.99,19.49,92279,1
4555,2013-05-08 11:56:10,4555,49.99,19.49,92298,1
4556,2013-05-08 12:53:18,4556,49.99,19.49,92318,1
4557,2013-05-08 13:48:26,4557,49.99,19.49,92344,1
4558,2013-05-08 14:05:40,4558,49.99,19.49,92357,1
4559,2013-05-08 15:28:34,4559,49.99,19.49,92386,1
4560,2013-05-08 15:39:57,4560,49.99,19.49,92393,1
4561,2013-05-08 16:49:21,4561,49.99,19.49,92427,1
4562,2013-05-08 17:02:56,4562,49.99,19.49,92433,1
4563,2013-05-08 17:33:46,4563,49.99,19.49,92453,1
4564,2013-05-08 18:00:46,4564,49.99,19.49,92465,1
4565,2013-05-08 18:12:41,4565,49.99,19.49,92470,1
4566,2013-05-08 18:55:10,4566,49.99,19.49,92477,1
4567,2013-05-08 19:20:27,4567,59.99,22.49,92484,2
4568,2013-05-08 21:34:55,4568,59.99,22.49,92511,2
4569,2013-05-08 22:23:35,4569,49.99,19.49,92522,1
4570,2013-05-09 00:19:53,4570,59.99,22.49,92538,2
4571,2013-05-09 02:15:37,4571,49.99,19.49,92552,1
4572,2013-05-09 03:53:01,4572,59.99,22.49,92558,2
4573,2013-05-09 09:27:36,4573,49.99,19.49,92607,1
4574,2013-05-09 10:15:28,4574,49.99,19.49,92618,1
4575,2013-05-09 13:18:39,4575,49.99,19.49,92680,1
4576,2013-05-09 13:40:41,4576,49.99,19.49,92684,1
4577,2013-05-09 14:45:48,4577,49.99,19.49,92707,1
4578,2013-05-09 16:01:24,4578,49.99,19.49,92740,1
4579,2013-05-09 17:40:04,4579,49.99,19.49,92769,1
4580,2013-05-09 18:48:09,4580,49.99,19.49,92791,1
4581,2013-05-09 19:17:20,4581,49.99,19.49,92800,1
4582,2013-05-09 20:49:44,4582,49.99,19.49,92822,1
4583,2013-05-09 22:01:29,4583,49.99,19.49,92838,1
4584,2013-05-09 23:12:11,4584,49.99,19.49,92854,1
4585,2013-05-09 23:41:55,4585,59.99,22.49,92858,2
4586,2013-05-10 00:09:14,4586,49.99,19.49,92862,1
4587,2013-05-10 00:25:19,4587,49.99,19.49,92867,1
4588,2013-05-10 07:13:21,4588,49.99,19.49,92913,1
4589,2013-05-10 09:40:15,4589,49.99,19.49,92941,1
4590,2013-05-10 10:18:43,4590,49.99,19.49,92957,1
4591,2013-05-10 10:20:15,4591,49.99,19.49,92958,1
4592,2013-05-10 11:06:36,4592,49.99,19.49,92977,1
4593,2013-05-10 13:12:03,4593,49.99,19.49,93036,1
4594,2013-05-10 13:17:14,4594,49.99,19.49,93038,1
4595,2013-05-10 13:20:53,4595,49.99,19.49,93039,1
4596,2013-05-10 13:32:29,4596,49.99,19.49,93042,1
4597,2013-05-10 13:37:39,4597,49.99,19.49,93049,1
4598,2013-05-10 13:56:52,4598,49.99,19.49,93059,1
4599,2013-05-10 14:14:07,4599,49.99,19.49,93065,1
4600,2013-05-10 17:05:14,4600,49.99,19.49,93116,1
4601,2013-05-10 17:09:11,4601,49.99,19.49,93118,1
4602,2013-05-10 17:20:36,4602,49.99,19.49,93121,1
4603,2013-05-10 19:00:12,4603,49.99,19.49,93144,1
4604,2013-05-10 21:08:46,4604,49.99,19.49,93170,1
4605,2013-05-10 22:51:09,4605,49.99,19.49,93180,1
4606,2013-05-11 10:29:11,4606,49.99,19.49,93255,1
4607,2013-05-11 19:25:34,4607,49.99,19.49,93317,1
4608,2013-05-12 01:13:46,4608,49.99,19.49,93347,1
4609,2013-05-12 05:45:00,4609,49.99,19.49,93364,1
4610,2013-05-12 10:55:47,4610,49.99,19.49,93385,1
4611,2013-05-12 10:59:49,4611,49.99,19.49,93384,1
4612,2013-05-12 12:56:24,4612,49.99,19.49,93400,1
4613,2013-05-12 17:50:00,4613,49.99,19.49,93435,1
4614,2013-05-12 18:06:34,4614,49.99,19.49,93440,1
4615,2013-05-12 19:25:25,4615,59.99,22.49,93456,2
4616,2013-05-12 20:42:34,4616,49.99,19.49,93467,1
4617,2013-05-12 21:05:43,4617,49.99,19.49,93469,1
4618,2013-05-12 22:52:54,4618,49.99,19.49,93481,1
4619,2013-05-12 23:16:26,4619,49.99,19.49,93488,1
4620,2013-05-12 23:27:33,4620,49.99,19.49,93490,1
4621,2013-05-12 23:30:21,4621,49.99,19.49,93492,1
4622,2013-05-13 00:37:47,4622,49.99,19.49,93502,1
4623,2013-05-13 06:27:16,4623,49.99,19.49,93531,1
4624,2013-05-13 07:21:49,4624,49.99,19.49,93533,1
4625,2013-05-13 10:14:22,4625,49.99,19.49,93563,1
4626,2013-05-13 10:17:26,4626,49.99,19.49,93565,1
4627,2013-05-13 11:06:50,4627,59.99,22.49,93586,2
4628,2013-05-13 12:26:05,4628,59.99,22.49,93610,2
4629,2013-05-13 12:28:52,4629,49.99,19.49,93612,1
4630,2013-05-13 12:40:01,4630,49.99,19.49,93619,1
4631,2013-05-13 13:19:03,4631,49.99,19.49,93636,1
4632,2013-05-13 15:46:53,4632,49.99,19.49,93674,1
4633,2013-05-13 16:14:14,4633,49.99,19.49,93683,1
4634,2013-05-13 16:27:32,4634,59.99,22.49,93689,2
4635,2013-05-13 16:36:51,4635,49.99,19.49,93690,1
4636,2013-05-13 16:48:39,4636,49.99,19.49,93696,1
4637,2013-05-13 17:08:56,4637,49.99,19.49,93701,1
4638,2013-05-13 18:40:22,4638,49.99,19.49,93724,1
4639,2013-05-13 19:51:47,4639,49.99,19.49,93737,1
4640,2013-05-13 20:05:42,4640,49.99,19.49,93740,1
4641,2013-05-13 22:25:59,4641,49.99,19.49,93769,1
4642,2013-05-13 22:52:45,4642,49.99,19.49,93774,1
4643,2013-05-14 00:06:39,4643,49.99,19.49,93788,1
4644,2013-05-14 02:35:45,4644,49.99,19.49,93800,1
4645,2013-05-14 03:50:29,4645,59.99,22.49,93805,2
4646,2013-05-14 05:42:55,4646,49.99,19.49,93816,1
4647,2013-05-14 05:57:31,4647,49.99,19.49,93817,1
4648,2013-05-14 07:50:37,4648,49.99,19.49,93821,1
4649,2013-05-14 08:26:57,4649,49.99,19.49,93824,1
4650,2013-05-14 09:30:05,4650,49.99,19.49,93835,1
4651,2013-05-14 09:51:58,4651,49.99,19.49,93841,1
4652,2013-05-14 09:55:14,4652,49.99,19.49,93843,1
4653,2013-05-14 10:01:29,4653,49.99,19.49,93845,1
4654,2013-05-14 11:00:59,4654,49.99,19.49,93857,1
4655,2013-05-14 11:54:09,4655,59.99,22.49,93879,2
4656,2013-05-14 14:15:24,4656,49.99,19.49,93925,1
4657,2013-05-14 14:38:56,4657,49.99,19.49,93934,1
4658,2013-05-14 14:47:59,4658,49.99,19.49,93938,1
4659,2013-05-14 16:21:38,4659,49.99,19.49,93970,1
4660,2013-05-14 16:29:03,4660,49.99,19.49,93973,1
4661,2013-05-14 16:46:47,4661,59.99,22.49,93979,2
4662,2013-05-14 16:51:45,4662,49.99,19.49,93978,1
4663,2013-05-14 19:15:28,4663,59.99,22.49,94024,2
4664,2013-05-14 19:31:43,4664,49.99,19.49,94029,1
4665,2013-05-14 21:48:24,4665,49.99,19.49,94059,1
4666,2013-05-14 23:23:27,4666,49.99,19.49,94073,1
4667,2013-05-15 00:24:50,4667,49.99,19.49,94081,1
4668,2013-05-15 01:57:01,4668,49.99,19.49,94089,1
4669,2013-05-15 07:48:52,4669,49.99,19.49,94118,1
4670,2013-05-15 09:11:28,4670,49.99,19.49,94134,1
4671,2013-05-15 09:26:27,4671,49.99,19.49,94140,1
4672,2013-05-15 12:30:13,4672,59.99,22.49,94203,2
4673,2013-05-15 14:28:24,4673,49.99,19.49,94260,1
4674,2013-05-15 14:35:01,4674,49.99,19.49,94266,1
4675,2013-05-15 14:36:17,4675,49.99,19.49,94265,1
4676,2013-05-15 15:15:07,4676,49.99,19.49,94270,1
4677,2013-05-15 15:43:21,4677,49.99,19.49,94278,1
4678,2013-05-15 16:27:22,4678,49.99,19.49,94297,1
4679,2013-05-15 16:35:50,4679,59.99,22.49,94298,2
4680,2013-05-15 17:10:51,4680,49.99,19.49,94313,1
4681,2013-05-15 17:22:39,4681,49.99,19.49,94317,1
4682,2013-05-15 17:37:31,4682,49.99,19.49,94324,1
4683,2013-05-15 18:07:25,4683,49.99,19.49,94329,1
4684,2013-05-15 18:58:58,4684,49.99,19.49,94344,1
4685,2013-05-15 20:18:14,4685,49.99,19.49,94358,1
4686,2013-05-15 20:49:57,4686,49.99,19.49,94364,1
4687,2013-05-15 21:12:22,4687,49.99,19.49,94368,1
4688,2013-05-15 22:09:02,4688,49.99,19.49,94381,1
4689,2013-05-15 23:38:54,4689,59.99,22.49,94401,2
4690,2013-05-16 08:29:26,4690,49.99,19.49,94465,1
4691,2013-05-16 09:54:47,4691,59.99,22.49,94489,2
4692,2013-05-16 11:05:21,4692,49.99,19.49,94521,1
4693,2013-05-16 11:07:35,4693,49.99,19.49,94522,1
4694,2013-05-16 15:35:31,4694,49.99,19.49,94620,1
4695,2013-05-16 15:45:22,4695,49.99,19.49,94626,1
4696,2013-05-16 16:57:34,4696,49.99,19.49,94656,1
4697,2013-05-16 17:02:11,4697,49.99,19.49,94658,1
4698,2013-05-16 17:55:12,4698,49.99,19.49,94673,1
4699,2013-05-16 18:38:05,4699,49.99,19.49,94684,1
4700,2013-05-16 18:45:32,4700,49.99,19.49,94686,1
4701,2013-05-16 20:03:32,4701,49.99,19.49,94703,1
4702,2013-05-16 22:04:40,4702,49.99,19.49,94716,1
4703,2013-05-16 23:23:08,4703,49.99,19.49,94735,1
4704,2013-05-17 03:14:56,4704,49.99,19.49,94758,1
4705,2013-05-17 04:14:06,4705,49.99,19.49,94765,1
4706,2013-05-17 05:46:08,4706,49.99,19.49,94772,1
4707,2013-05-17 06:33:46,4707,49.99,19.49,94778,1
4708,2013-05-17 06:46:22,4708,49.99,19.49,94785,1
4709,2013-05-17 07:18:58,4709,49.99,19.49,94788,1
4710,2013-05-17 08:06:03,4710,49.99,19.49,94797,1
4711,2013-05-17 09:01:29,4711,59.99,22.49,94803,2
4712,2013-05-17 10:06:36,4712,49.99,19.49,94822,1
4713,2013-05-17 11:47:51,4713,49.99,19.49,94859,1
4714,2013-05-17 12:28:08,4714,49.99,19.49,94875,1
4715,2013-05-17 12:49:10,4715,59.99,22.49,94887,2
4716,2013-05-17 13:52:04,4716,59.99,22.49,94903,2
4717,2013-05-17 15:55:33,4717,49.99,19.49,94941,1
4718,2013-05-17 17:02:29,4718,49.99,19.49,94972,1
4719,2013-05-17 18:00:48,4719,59.99,22.49,94986,2
4720,2013-05-17 18:42:29,4720,49.99,19.49,94992,1
4721,2013-05-17 20:25:32,4721,49.99,19.49,95005,1
4722,2013-05-17 20:41:00,4722,59.99,22.49,95008,2
4723,2013-05-17 20:52:11,4723,49.99,19.49,95009,1
4724,2013-05-17 21:39:55,4724,59.99,22.49,95020,2
4725,2013-05-17 22:36:56,4725,49.99,19.49,95032,1
4726,2013-05-18 03:44:41,4726,49.99,19.49,95059,1
4727,2013-05-18 09:19:33,4727,49.99,19.49,95074,1
4728,2013-05-18 09:20:14,4728,49.99,19.49,95073,1
4729,2013-05-18 10:27:47,4729,59.99,22.49,95085,2
4730,2013-05-18 13:25:19,4730,49.99,19.49,95103,1
4731,2013-05-19 00:31:34,4731,49.99,19.49,95189,1
4732,2013-05-19 02:43:39,4732,49.99,19.49,95198,1
4733,2013-05-19 02:55:09,4733,49.99,19.49,95200,1
4734,2013-05-19 11:14:28,4734,49.99,19.49,95220,1
4735,2013-05-19 11:44:20,4735,49.99,19.49,95222,1
4736,2013-05-19 12:15:22,4736,49.99,19.49,95225,1
4737,2013-05-19 16:08:02,4737,49.99,19.49,95250,1
4738,2013-05-19 18:02:16,4738,49.99,19.49,95264,1
4739,2013-05-19 19:23:12,4739,49.99,19.49,95272,1
4740,2013-05-20 01:17:40,4740,49.99,19.49,95309,1
4741,2013-05-20 02:24:49,4741,49.99,19.49,95314,1
4742,2013-05-20 08:15:52,4742,49.99,19.49,95349,1
4743,2013-05-20 10:01:02,4743,49.99,19.49,95365,1
4744,2013-05-20 10:36:57,4744,59.99,22.49,95385,2
4745,2013-05-20 12:59:37,4745,49.99,19.49,95434,1
4746,2013-05-20 13:28:18,4746,49.99,19.49,95442,1
4747,2013-05-20 13:35:16,4747,49.99,19.49,95444,1
4748,2013-05-20 13:36:11,4748,49.99,19.49,95446,1
4749,2013-05-20 14:18:27,4749,59.99,22.49,95454,2
4750,2013-05-20 15:18:10,4750,59.99,22.49,95482,2
4751,2013-05-20 15:49:53,4751,49.99,19.49,95489,1
4752,2013-05-20 15:57:58,4752,49.99,19.49,95492,1
4753,2013-05-20 17:53:22,4753,49.99,19.49,95531,1
4754,2013-05-20 19:16:16,4754,49.99,19.49,95551,1
4755,2013-05-20 20:15:25,4755,49.99,19.49,95558,1
4756,2013-05-20 20:17:53,4756,49.99,19.49,95560,1
4757,2013-05-20 21:57:24,4757,49.99,19.49,95574,1
4758,2013-05-20 22:17:58,4758,49.99,19.49,95581,1
4759,2013-05-20 23:04:42,4759,49.99,19.49,95585,1
4760,2013-05-21 03:40:58,4760,59.99,22.49,95612,2
4761,2013-05-21 06:42:22,4761,49.99,19.49,95628,1
4762,2013-05-21 09:36:22,4762,49.99,19.49,95650,1
4763,2013-05-21 09:36:58,4763,49.99,19.49,95649,1
4764,2013-05-21 10:06:59,4764,49.99,19.49,95660,1
4765,2013-05-21 10:26:11,4765,59.99,22.49,95669,2
4766,2013-05-21 11:39:33,4766,49.99,19.49,95686,1
4767,2013-05-21 11:42:12,4767,49.99,19.49,95689,1
4768,2013-05-21 11:57:50,4768,49.99,19.49,95700,1
4769,2013-05-21 13:15:17,4769,59.99,22.49,95729,2
4770,2013-05-21 13:50:01,4770,49.99,19.49,95740,1
4771,2013-05-21 13:58:57,4771,49.99,19.49,95751,1
4772,2013-05-21 15:10:23,4772,49.99,19.49,95778,1
4773,2013-05-21 15:17:32,4773,49.99,19.49,95783,1
4774,2013-05-21 15:45:11,4774,49.99,19.49,95796,1
4775,2013-05-21 16:08:32,4775,49.99,19.49,95801,1
4776,2013-05-21 16:22:57,4776,49.99,19.49,95809,1
4777,2013-05-21 16:34:10,4777,49.99,19.49,95813,1
4778,2013-05-21 16:51:46,4778,49.99,19.49,95819,1
4779,2013-05-21 17:22:55,4779,49.99,19.49,95828,1
4780,2013-05-21 18:17:07,4780,49.99,19.49,95848,1
4781,2013-05-21 18:56:58,4781,49.99,19.49,95857,1
4782,2013-05-21 21:10:07,4782,49.99,19.49,95898,1
4783,2013-05-21 22:53:11,4783,49.99,19.49,95919,1
4784,2013-05-22 03:40:46,4784,49.99,19.49,95953,1
4785,2013-05-22 06:09:57,4785,59.99,22.49,95971,2
4786,2013-05-22 06:25:29,4786,49.99,19.49,95972,1
4787,2013-05-22 08:16:14,4787,49.99,19.49,95981,1
4788,2013-05-22 09:39:31,4788,59.99,22.49,95996,2
4789,2013-05-22 11:11:21,4789,49.99,19.49,96020,1
4790,2013-05-22 11:31:21,4790,49.99,19.49,96031,1
4791,2013-05-22 12:28:18,4791,49.99,19.49,96045,1
4792,2013-05-22 13:34:14,4792,49.99,19.49,96066,1
4793,2013-05-22 13:45:33,4793,49.99,19.49,96071,1
4794,2013-05-22 14:28:53,4794,59.99,22.49,96090,2
4795,2013-05-22 14:39:26,4795,49.99,19.49,96092,1
4796,2013-05-22 14:51:40,4796,49.99,19.49,96094,1
4797,2013-05-22 15:45:10,4797,49.99,19.49,96118,1
4798,2013-05-22 16:18:00,4798,49.99,19.49,96134,1
4799,2013-05-22 16:27:27,4799,49.99,19.49,96137,1
4800,2013-05-22 17:19:29,4800,49.99,19.49,96159,1
4801,2013-05-22 17:38:56,4801,59.99,22.49,96165,2
4802,2013-05-22 17:43:07,4802,49.99,19.49,96164,1
4803,2013-05-22 19:35:45,4803,49.99,19.49,96188,1
4804,2013-05-22 23:18:13,4804,59.99,22.49,96237,2
4805,2013-05-23 00:30:56,4805,49.99,19.49,96246,1
4806,2013-05-23 02:28:48,4806,59.99,22.49,96259,2
4807,2013-05-23 05:48:52,4807,49.99,19.49,96271,1
4808,2013-05-23 07:17:14,4808,59.99,22.49,96281,2
4809,2013-05-23 07:35:10,4809,49.99,19.49,96285,1
4810,2013-05-23 08:36:10,4810,59.99,22.49,96294,2
4811,2013-05-23 09:47:29,4811,49.99,19.49,96311,1
4812,2013-05-23 10:42:39,4812,49.99,19.49,96329,1
4813,2013-05-23 11:17:26,4813,49.99,19.49,96343,1
4814,2013-05-23 11:51:09,4814,49.99,19.49,96355,1
4815,2013-05-23 12:08:12,4815,49.99,19.49,96364,1
4816,2013-05-23 12:38:20,4816,59.99,22.49,96373,2
4817,2013-05-23 13:06:23,4817,49.99,19.49,96383,1
4818,2013-05-23 13:32:10,4818,49.99,19.49,96392,1
4819,2013-05-23 15:35:45,4819,49.99,19.49,96438,1
4820,2013-05-23 17:02:51,4820,49.99,19.49,96472,1
4821,2013-05-23 17:59:27,4821,49.99,19.49,96489,1
4822,2013-05-23 19:21:50,4822,49.99,19.49,96522,1
4823,2013-05-23 19:44:59,4823,49.99,19.49,96526,1
4824,2013-05-23 20:04:40,4824,49.99,19.49,96531,1
4825,2013-05-23 20:43:47,4825,49.99,19.49,96537,1
4826,2013-05-23 22:08:47,4826,49.99,19.49,96550,1
4827,2013-05-23 22:22:06,4827,49.99,19.49,96551,1
4828,2013-05-23 23:52:55,4828,49.99,19.49,96566,1
4829,2013-05-24 00:22:12,4829,49.99,19.49,96571,1
4830,2013-05-24 05:19:55,4830,49.99,19.49,96598,1
4831,2013-05-24 08:51:03,4831,49.99,19.49,96625,1
4832,2013-05-24 09:52:34,4832,49.99,19.49,96634,1
4833,2013-05-24 10:29:34,4833,49.99,19.49,96644,1
4834,2013-05-24 10:53:44,4834,49.99,19.49,96652,1
4835,2013-05-24 11:13:29,4835,49.99,19.49,96662,1
4836,2013-05-24 11:56:45,4836,49.99,19.49,96682,1
4837,2013-05-24 12:09:27,4837,59.99,22.49,96688,2
4838,2013-05-24 12:23:10,4838,49.99,19.49,96696,1
4839,2013-05-24 14:05:58,4839,49.99,19.49,96728,1
4840,2013-05-24 14:48:12,4840,49.99,19.49,96746,1
4841,2013-05-24 14:49:18,4841,49.99,19.49,96743,1
4842,2013-05-24 15:32:32,4842,49.99,19.49,96758,1
4843,2013-05-24 16:21:50,4843,49.99,19.49,96772,1
4844,2013-05-24 16:40:07,4844,49.99,19.49,96781,1
4845,2013-05-24 16:52:41,4845,49.99,19.49,96783,1
4846,2013-05-24 17:09:42,4846,49.99,19.49,96789,1
4847,2013-05-24 19:20:33,4847,49.99,19.49,96816,1
4848,2013-05-24 22:54:57,4848,59.99,22.49,96843,2
4849,2013-05-25 02:41:05,4849,49.99,19.49,96866,1
4850,2013-05-25 07:47:40,4850,59.99,22.49,96885,2
4851,2013-05-25 09:46:01,4851,49.99,19.49,96896,1
4852,2013-05-25 12:28:15,4852,49.99,19.49,96910,1
4853,2013-05-25 12:39:26,4853,59.99,22.49,96912,2
4854,2013-05-25 15:27:21,4854,49.99,19.49,96938,1
4855,2013-05-25 17:14:02,4855,59.99,22.49,96953,2
4856,2013-05-25 18:42:42,4856,49.99,19.49,96962,1
4857,2013-05-25 19:22:43,4857,49.99,19.49,96966,1
4858,2013-05-25 19:45:42,4858,49.99,19.49,96970,1
4859,2013-05-25 21:16:15,4859,49.99,19.49,96979,1
4860,2013-05-26 03:11:30,4860,49.99,19.49,97004,1
4861,2013-05-26 06:29:38,4861,49.99,19.49,97020,1
4862,2013-05-26 07:17:03,4862,49.99,19.49,97029,1
4863,2013-05-26 11:23:48,4863,49.99,19.49,97050,1
4864,2013-05-26 13:46:13,4864,49.99,19.49,97069,1
4865,2013-05-26 17:43:44,4865,59.99,22.49,97097,2
4866,2013-05-26 18:10:38,4866,49.99,19.49,97108,1
4867,2013-05-26 20:29:18,4867,49.99,19.49,97125,1
4868,2013-05-26 21:04:34,4868,49.99,19.49,97134,1
4869,2013-05-27 00:50:19,4869,49.99,19.49,97162,1
4870,2013-05-27 01:30:32,4870,49.99,19.49,97167,1
4871,2013-05-27 08:29:18,4871,49.99,19.49,97188,1
4872,2013-05-27 09:49:02,4872,49.99,19.49,97203,1
4873,2013-05-27 10:27:00,4873,49.99,19.49,97212,1
4874,2013-05-27 11:18:55,4874,49.99,19.49,97223,1
4875,2013-05-27 11:51:04,4875,49.99,19.49,97230,1
4876,2013-05-27 14:13:25,4876,49.99,19.49,97270,1
4877,2013-05-27 14:23:30,4877,49.99,19.49,97272,1
4878,2013-05-27 14:28:21,4878,49.99,19.49,97274,1
4879,2013-05-27 15:37:29,4879,49.99,19.49,97289,1
4880,2013-05-27 16:40:13,4880,49.99,19.49,97307,1
4881,2013-05-27 16:49:37,4881,49.99,19.49,97312,1
4882,2013-05-27 17:38:09,4882,49.99,19.49,97330,1
4883,2013-05-27 20:05:24,4883,49.99,19.49,97352,1
4884,2013-05-27 20:20:54,4884,59.99,22.49,97355,2
4885,2013-05-28 01:01:34,4885,49.99,19.49,97395,1
4886,2013-05-28 05:40:37,4886,49.99,19.49,97423,1
4887,2013-05-28 06:06:42,4887,49.99,19.49,97427,1
4888,2013-05-28 06:33:48,4888,49.99,19.49,97430,1
4889,2013-05-28 09:26:42,4889,49.99,19.49,97459,1
4890,2013-05-28 10:05:30,4890,49.99,19.49,97474,1
4891,2013-05-28 11:22:47,4891,49.99,19.49,97490,1
4892,2013-05-28 12:56:33,4892,59.99,22.49,97518,2
4893,2013-05-28 13:09:08,4893,59.99,22.49,97525,2
4894,2013-05-28 13:41:05,4894,49.99,19.49,97538,1
4895,2013-05-28 13:56:36,4895,49.99,19.49,97544,1
4896,2013-05-28 13:58:30,4896,49.99,19.49,97550,1
4897,2013-05-28 14:09:45,4897,49.99,19.49,97553,1
4898,2013-05-28 14:37:57,4898,59.99,22.49,97566,2
4899,2013-05-28 14:38:40,4899,59.99,22.49,97565,2
4900,2013-05-28 15:12:08,4900,49.99,19.49,97572,1
4901,2013-05-28 15:24:59,4901,49.99,19.49,97575,1
4902,2013-05-28 17:16:31,4902,49.99,19.49,97610,1
4903,2013-05-28 17:23:09,4903,59.99,22.49,97612,2
4904,2013-05-28 17:52:28,4904,49.99,19.49,97618,1
4905,2013-05-28 19:36:51,4905,49.99,19.49,97646,1
4906,2013-05-28 20:09:08,4906,49.99,19.49,97653,1
4907,2013-05-28 21:06:52,4907,49.99,19.49,97664,1
4908,2013-05-28 21:16:05,4908,49.99,19.49,97668,1
4909,2013-05-28 22:44:23,4909,59.99,22.49,97684,2
4910,2013-05-29 02:46:30,4910,49.99,19.49,97714,1
4911,2013-05-29 09:17:47,4911,49.99,19.49,97757,1
4912,2013-05-29 10:18:21,4912,49.99,19.49,97790,1
4913,2013-05-29 10:31:37,4913,49.99,19.49,97792,1
4914,2013-05-29 10:39:31,4914,49.99,19.49,97800,1
4915,2013-05-29 10:54:42,4915,49.99,19.49,97804,1
4916,2013-05-29 11:55:11,4916,49.99,19.49,97829,1
4917,2013-05-29 12:02:02,4917,49.99,19.49,97834,1
4918,2013-05-29 12:58:51,4918,49.99,19.49,97849,1
4919,2013-05-29 13:04:08,4919,49.99,19.49,97853,1
4920,2013-05-29 13:06:50,4920,49.99,19.49,97855,1
4921,2013-05-29 14:53:58,4921,49.99,19.49,97896,1
4922,2013-05-29 15:12:39,4922,49.99,19.49,97907,1
4923,2013-05-29 15:41:40,4923,49.99,19.49,97916,1
4924,2013-05-29 15:52:06,4924,49.99,19.49,97920,1
4925,2013-05-29 15:52:14,4925,59.99,22.49,97924,2
4926,2013-05-29 16:24:40,4926,49.99,19.49,97937,1
4927,2013-05-29 16:27:58,4927,49.99,19.49,97936,1
4928,2013-05-29 16:54:20,4928,49.99,19.49,97946,1
4929,2013-05-29 17:20:05,4929,49.99,19.49,97959,1
4930,2013-05-29 20:43:16,4930,49.99,19.49,98025,1
4931,2013-05-29 22:01:55,4931,59.99,22.49,98040,2
4932,2013-05-29 22:13:49,4932,49.99,19.49,98046,1
4933,2013-05-29 22:57:02,4933,59.99,22.49,98052,2
4934,2013-05-29 23:23:52,4934,49.99,19.49,98054,1
4935,2013-05-29 23:29:54,4935,49.99,19.49,98056,1
4936,2013-05-29 23:55:18,4936,59.99,22.49,98060,2
4937,2013-05-30 00:04:41,4937,49.99,19.49,98062,1
4938,2013-05-30 01:07:42,4938,49.99,19.49,98071,1
4939,2013-05-30 02:29:30,4939,49.99,19.49,98082,1
4940,2013-05-30 03:15:18,4940,49.99,19.49,98088,1
4941,2013-05-30 07:22:07,4941,49.99,19.49,98107,1
4942,2013-05-30 09:17:53,4942,49.99,19.49,98126,1
4943,2013-05-30 10:59:03,4943,49.99,19.49,98161,1
4944,2013-05-30 11:51:19,4944,49.99,19.49,98181,1
4945,2013-05-30 12:36:29,4945,49.99,19.49,98203,1
4946,2013-05-30 13:36:01,4946,49.99,19.49,98222,1
4947,2013-05-30 13:51:30,4947,49.99,19.49,98227,1
4948,2013-05-30 14:13:32,4948,59.99,22.49,98242,2
4949,2013-05-30 15:02:00,4949,49.99,19.49,98262,1
4950,2013-05-30 15:18:18,4950,49.99,19.49,98269,1
4951,2013-05-30 16:13:14,4951,59.99,22.49,98280,2
4952,2013-05-30 16:46:21,4952,49.99,19.49,98294,1
4953,2013-05-30 18:42:50,4953,49.99,19.49,98343,1
4954,2013-05-30 18:43:16,4954,59.99,22.49,98339,2
4955,2013-05-30 19:03:02,4955,49.99,19.49,98351,1
4956,2013-05-30 19:40:03,4956,49.99,19.49,98358,1
4957,2013-05-30 21:46:39,4957,49.99,19.49,98385,1
4958,2013-05-30 22:10:38,4958,49.99,19.49,98386,1
4959,2013-05-30 23:06:01,4959,49.99,19.49,98401,1
4960,2013-05-31 02:36:42,4960,49.99,19.49,98425,1
4961,2013-05-31 07:27:18,4961,49.99,19.49,98458,1
4962,2013-05-31 07:30:05,4962,49.99,19.49,98455,1
4963,2013-05-31 09:27:15,4963,59.99,22.49,98481,2
4964,2013-05-31 11:38:38,4964,49.99,19.49,98510,1
4965,2013-05-31 11:56:41,4965,49.99,19.49,98515,1
4966,2013-05-31 12:07:28,4966,49.99,19.49,98519,1
4967,2013-05-31 13:21:51,4967,49.99,19.49,98553,1
4968,2013-05-31 13:45:56,4968,49.99,19.49,98559,1
4969,2013-05-31 13:52:28,4969,59.99,22.49,98562,2
4970,2013-05-31 14:10:57,4970,49.99,19.49,98572,1
4971,2013-05-31 14:28:20,4971,49.99,19.49,98583,1
4972,2013-05-31 14:37:04,4972,49.99,19.49,98585,1
4973,2013-05-31 14:39:26,4973,49.99,19.49,98589,1
4974,2013-05-31 15:00:16,4974,49.99,19.49,98597,1
4975,2013-05-31 15:05:23,4975,59.99,22.49,98599,2
4976,2013-05-31 15:14:41,4976,49.99,19.49,98607,1
4977,2013-05-31 15:18:25,4977,49.99,19.49,98610,1
4978,2013-05-31 15:20:38,4978,49.99,19.49,98606,1
4979,2013-05-31 15:55:49,4979,49.99,19.49,98625,1
4980,2013-05-31 16:32:07,4980,59.99,22.49,98637,2
4981,2013-05-31 17:07:33,4981,49.99,19.49,98647,1
4982,2013-05-31 19:21:01,4982,49.99,19.49,98683,1
4983,2013-05-31 23:14:50,4983,59.99,22.49,98716,2
4984,2013-06-01 00:20:00,4984,49.99,19.49,98726,1
4985,2013-06-01 02:55:47,4985,49.99,19.49,98741,1
4986,2013-06-01 08:22:40,4986,49.99,19.49,98761,1
4987,2013-06-01 12:20:26,4987,49.99,19.49,98797,1
4988,2013-06-01 14:39:24,4988,49.99,19.49,98821,1
4989,2013-06-01 16:06:28,4989,49.99,19.49,98829,1
4990,2013-06-01 17:41:22,4990,59.99,22.49,98844,2
4991,2013-06-01 17:48:31,4991,49.99,19.49,98847,1
4992,2013-06-01 22:44:14,4992,59.99,22.49,98878,2
4993,2013-06-02 00:24:38,4993,49.99,19.49,98886,1
4994,2013-06-02 03:43:30,4994,49.99,19.49,98902,1
4995,2013-06-02 08:11:14,4995,49.99,19.49,98912,1
4996,2013-06-02 08:40:22,4996,49.99,19.49,98915,1
4997,2013-06-02 10:58:30,4997,49.99,19.49,98934,1
4998,2013-06-02 12:48:44,4998,49.99,19.49,98947,1
4999,2013-06-02 13:09:41,4999,49.99,19.49,98952,1
5000,2013-06-02 14:37:43,5000,49.99,19.49,98967,1
5001,2013-06-02 20:35:31,5001,49.99,19.49,98992,1
5002,2013-06-02 22:30:28,5002,49.99,19.49,99015,1
5003,2013-06-03 01:38:20,5003,59.99,22.49,99040,2
5004,2013-06-03 01:49:01,5004,49.99,19.49,99043,1
5005,2013-06-03 02:07:14,5005,49.99,19.49,99046,1
5006,2013-06-03 03:11:03,5006,49.99,19.49,99050,1
5007,2013-06-03 04:10:51,5007,59.99,22.49,99059,2
5008,2013-06-03 07:17:45,5008,49.99,19.49,99075,1
5009,2013-06-03 07:40:33,5009,49.99,19.49,99082,1
5010,2013-06-03 08:27:55,5010,49.99,19.49,99092,1
5011,2013-06-03 08:41:22,5011,49.99,19.49,99094,1
5012,2013-06-03 09:09:48,5012,49.99,19.49,99101,1
5013,2013-06-03 11:34:49,5013,49.99,19.49,99145,1
5014,2013-06-03 11:49:10,5014,49.99,19.49,99146,1
5015,2013-06-03 12:18:16,5015,49.99,19.49,99156,1
5016,2013-06-03 15:04:17,5016,49.99,19.49,99216,1
5017,2013-06-03 16:06:32,5017,49.99,19.49,99241,1
5018,2013-06-03 16:27:17,5018,59.99,22.49,99252,2
5019,2013-06-03 17:13:47,5019,49.99,19.49,99263,1
5020,2013-06-03 17:40:14,5020,59.99,22.49,99273,2
5021,2013-06-03 18:02:13,5021,49.99,19.49,99278,1
5022,2013-06-03 18:52:00,5022,49.99,19.49,99293,1
5023,2013-06-03 19:12:17,5023,49.99,19.49,99295,1
5024,2013-06-03 20:06:09,5024,49.99,19.49,99303,1
5025,2013-06-03 21:04:58,5025,49.99,19.49,99310,1
5026,2013-06-03 22:01:22,5026,59.99,22.49,99322,2
5027,2013-06-03 23:29:30,5027,59.99,22.49,99336,2
5028,2013-06-03 23:56:23,5028,49.99,19.49,99340,1
5029,2013-06-04 02:17:42,5029,49.99,19.49,99352,1
5030,2013-06-04 03:18:50,5030,49.99,19.49,99361,1
5031,2013-06-04 04:29:39,5031,49.99,19.49,99369,1
5032,2013-06-04 05:01:33,5032,49.99,19.49,99374,1
5033,2013-06-04 08:39:26,5033,59.99,22.49,99407,2
5034,2013-06-04 10:12:15,5034,49.99,19.49,99429,1
5035,2013-06-04 10:22:15,5035,49.99,19.49,99432,1
5036,2013-06-04 11:18:43,5036,49.99,19.49,99452,1
5037,2013-06-04 11:27:24,5037,49.99,19.49,99455,1
5038,2013-06-04 12:29:20,5038,49.99,19.49,99487,1
5039,2013-06-04 12:59:40,5039,49.99,19.49,99506,1
5040,2013-06-04 13:07:38,5040,49.99,19.49,99511,1
5041,2013-06-04 13:36:02,5041,49.99,19.49,99525,1
5042,2013-06-04 13:58:42,5042,49.99,19.49,99534,1
5043,2013-06-04 14:27:13,5043,59.99,22.49,99545,2
5044,2013-06-04 14:36:00,5044,49.99,19.49,99548,1
5045,2013-06-04 14:59:33,5045,49.99,19.49,99563,1
5046,2013-06-04 15:11:49,5046,59.99,22.49,99566,2
5047,2013-06-04 15:31:40,5047,49.99,19.49,99570,1
5048,2013-06-04 16:05:39,5048,49.99,19.49,99578,1
5049,2013-06-04 16:26:53,5049,49.99,19.49,99580,1
5050,2013-06-04 17:29:24,5050,49.99,19.49,99598,1
5051,2013-06-04 18:43:51,5051,49.99,19.49,99614,1
5052,2013-06-04 19:13:07,5052,49.99,19.49,99626,1
5053,2013-06-04 20:01:57,5053,49.99,19.49,99637,1
5054,2013-06-04 20:06:04,5054,49.99,19.49,99640,1
5055,2013-06-04 21:14:53,5055,49.99,19.49,99653,1
5056,2013-06-04 21:59:11,5056,59.99,22.49,99660,2
5057,2013-06-04 22:58:29,5057,49.99,19.49,99672,1
5058,2013-06-05 03:09:21,5058,49.99,19.49,99701,1
5059,2013-06-05 07:29:23,5059,59.99,22.49,99729,2
5060,2013-06-05 09:38:10,5060,49.99,19.49,99765,1
5061,2013-06-05 11:12:00,5061,49.99,19.49,99798,1
5062,2013-06-05 11:44:34,5062,49.99,19.49,99808,1
5063,2013-06-05 12:47:24,5063,49.99,19.49,99835,1
5064,2013-06-05 13:30:51,5064,49.99,19.49,99855,1
5065,2013-06-05 13:47:27,5065,49.99,19.49,99868,1
5066,2013-06-05 14:29:47,5066,49.99,19.49,99884,1
5067,2013-06-05 14:42:32,5067,49.99,19.49,99888,1
5068,2013-06-05 14:44:49,5068,49.99,19.49,99896,1
5069,2013-06-05 15:11:16,5069,59.99,22.49,99904,2
5070,2013-06-05 15:28:22,5070,59.99,22.49,99913,2
5071,2013-06-05 17:14:10,5071,59.99,22.49,99952,2
5072,2013-06-05 18:42:18,5072,49.99,19.49,99976,1
5073,2013-06-05 19:15:13,5073,49.99,19.49,99981,1
5074,2013-06-05 19:22:59,5074,49.99,19.49,99985,1
5075,2013-06-05 21:16:27,5075,59.99,22.49,100010,2
5076,2013-06-05 21:18:49,5076,49.99,19.49,100011,1
5077,2013-06-05 21:23:55,5077,49.99,19.49,100012,1
5078,2013-06-05 21:31:36,5078,49.99,19.49,100014,1
5079,2013-06-05 22:49:45,5079,49.99,19.49,100029,1
5080,2013-06-05 23:27:52,5080,49.99,19.49,100041,1
5081,2013-06-06 01:30:32,5081,49.99,19.49,100059,1
5082,2013-06-06 08:57:22,5082,49.99,19.49,100116,1
5083,2013-06-06 09:21:34,5083,59.99,22.49,100125,2
5084,2013-06-06 10:06:06,5084,49.99,19.49,100143,1
5085,2013-06-06 10:25:47,5085,49.99,19.49,100153,1
5086,2013-06-06 10:59:02,5086,49.99,19.49,100164,1
5087,2013-06-06 11:10:04,5087,49.99,19.49,100169,1
5088,2013-06-06 11:35:41,5088,49.99,19.49,100186,1
5089,2013-06-06 12:31:01,5089,49.99,19.49,100212,1
5090,2013-06-06 12:39:51,5090,49.99,19.49,100214,1
5091,2013-06-06 12:55:06,5091,49.99,19.49,100219,1
5092,2013-06-06 14:09:28,5092,49.99,19.49,100246,1
5093,2013-06-06 14:10:03,5093,49.99,19.49,100247,1
5094,2013-06-06 14:29:38,5094,49.99,19.49,100254,1
5095,2013-06-06 14:33:50,5095,49.99,19.49,100258,1
5096,2013-06-06 17:02:52,5096,49.99,19.49,100310,1
5097,2013-06-06 18:42:17,5097,49.99,19.49,100336,1
5098,2013-06-06 19:20:32,5098,49.99,19.49,100345,1
5099,2013-06-06 19:25:50,5099,49.99,19.49,100346,1
5100,2013-06-06 19:55:16,5100,49.99,19.49,100356,1
5101,2013-06-06 22:15:19,5101,49.99,19.49,100384,1
5102,2013-06-06 22:21:27,5102,49.99,19.49,100387,1
5103,2013-06-06 22:22:13,5103,49.99,19.49,100385,1
5104,2013-06-06 23:11:30,5104,49.99,19.49,100399,1
5105,2013-06-07 00:01:52,5105,49.99,19.49,100409,1
5106,2013-06-07 00:12:37,5106,49.99,19.49,100412,1
5107,2013-06-07 07:41:24,5107,49.99,19.49,100458,1
5108,2013-06-07 09:45:53,5108,49.99,19.49,100493,1
5109,2013-06-07 10:05:19,5109,49.99,19.49,100499,1
5110,2013-06-07 10:17:38,5110,49.99,19.49,100503,1
5111,2013-06-07 10:25:05,5111,49.99,19.49,100502,1
5112,2013-06-07 10:36:28,5112,49.99,19.49,100509,1
5113,2013-06-07 11:16:20,5113,49.99,19.49,100522,1
5114,2013-06-07 11:36:43,5114,49.99,19.49,100530,1
5115,2013-06-07 13:14:42,5115,49.99,19.49,100564,1
5116,2013-06-07 13:56:39,5116,49.99,19.49,100572,1
5117,2013-06-07 14:01:07,5117,49.99,19.49,100574,1
5118,2013-06-07 15:21:20,5118,49.99,19.49,100602,1
5119,2013-06-07 15:42:51,5119,59.99,22.49,100609,2
5120,2013-06-07 15:45:25,5120,59.99,22.49,100616,2
5121,2013-06-07 15:47:29,5121,49.99,19.49,100619,1
5122,2013-06-07 15:53:34,5122,49.99,19.49,100618,1
5123,2013-06-07 16:09:17,5123,49.99,19.49,100627,1
5124,2013-06-07 16:43:36,5124,49.99,19.49,100638,1
5125,2013-06-07 17:18:31,5125,49.99,19.49,100655,1
5126,2013-06-07 17:28:49,5126,49.99,19.49,100658,1
5127,2013-06-07 18:29:24,5127,49.99,19.49,100677,1
5128,2013-06-07 19:47:44,5128,49.99,19.49,100698,1
5129,2013-06-07 19:56:29,5129,49.99,19.49,100701,1
5130,2013-06-07 22:06:49,5130,49.99,19.49,100715,1
5131,2013-06-07 22:08:21,5131,49.99,19.49,100716,1
5132,2013-06-07 23:15:44,5132,49.99,19.49,100722,1
5133,2013-06-07 23:40:15,5133,49.99,19.49,100725,1
5134,2013-06-08 01:45:48,5134,49.99,19.49,100737,1
5135,2013-06-08 03:07:49,5135,49.99,19.49,100745,1
5136,2013-06-08 11:14:47,5136,49.99,19.49,100793,1
5137,2013-06-08 11:26:44,5137,49.99,19.49,100797,1
5138,2013-06-08 11:45:06,5138,49.99,19.49,100801,1
5139,2013-06-08 13:12:56,5139,49.99,19.49,100812,1
5140,2013-06-08 13:12:58,5140,49.99,19.49,100811,1
5141,2013-06-08 14:39:35,5141,49.99,19.49,100824,1
5142,2013-06-08 14:57:15,5142,59.99,22.49,100828,2
5143,2013-06-08 15:26:40,5143,49.99,19.49,100834,1
5144,2013-06-08 15:51:13,5144,49.99,19.49,100839,1
5145,2013-06-08 16:43:45,5145,49.99,19.49,100842,1
5146,2013-06-09 03:23:10,5146,49.99,19.49,100893,1
5147,2013-06-09 03:48:51,5147,49.99,19.49,100894,1
5148,2013-06-09 09:32:43,5148,59.99,22.49,100915,2
5149,2013-06-09 14:40:27,5149,49.99,19.49,100955,1
5150,2013-06-09 17:03:52,5150,49.99,19.49,100969,1
5151,2013-06-09 19:44:34,5151,59.99,22.49,100987,2
5152,2013-06-09 20:16:53,5152,49.99,19.49,100993,1
5153,2013-06-09 21:12:03,5153,59.99,22.49,101001,2
5154,2013-06-09 21:45:10,5154,49.99,19.49,101009,1
5155,2013-06-09 22:05:03,5155,49.99,19.49,101011,1
5156,2013-06-09 22:21:47,5156,59.99,22.49,101012,2
5157,2013-06-09 23:20:07,5157,49.99,19.49,101025,1
5158,2013-06-10 00:00:25,5158,49.99,19.49,101029,1
5159,2013-06-10 02:52:38,5159,49.99,19.49,101047,1
5160,2013-06-10 05:13:14,5160,49.99,19.49,101066,1
5161,2013-06-10 05:27:49,5161,49.99,19.49,101067,1
5162,2013-06-10 08:43:12,5162,49.99,19.49,101090,1
5163,2013-06-10 09:00:59,5163,49.99,19.49,101096,1
5164,2013-06-10 09:16:47,5164,49.99,19.49,101101,1
5165,2013-06-10 10:17:37,5165,49.99,19.49,101120,1
5166,2013-06-10 10:34:08,5166,49.99,19.49,101123,1
5167,2013-06-10 11:19:30,5167,49.99,19.49,101139,1
5168,2013-06-10 11:37:09,5168,49.99,19.49,101146,1
5169,2013-06-10 14:11:25,5169,49.99,19.49,101197,1
5170,2013-06-10 16:07:12,5170,49.99,19.49,101232,1
5171,2013-06-10 16:24:21,5171,49.99,19.49,101241,1
5172,2013-06-10 17:10:45,5172,59.99,22.49,101259,2
5173,2013-06-10 17:26:20,5173,49.99,19.49,101266,1
5174,2013-06-10 17:41:17,5174,49.99,19.49,101270,1
5175,2013-06-10 23:21:30,5175,49.99,19.49,101342,1
5176,2013-06-10 23:32:08,5176,49.99,19.49,101344,1
5177,2013-06-10 23:32:40,5177,49.99,19.49,101345,1
5178,2013-06-11 01:15:36,5178,49.99,19.49,101357,1
5179,2013-06-11 07:13:08,5179,49.99,19.49,101387,1
5180,2013-06-11 07:18:36,5180,49.99,19.49,101388,1
5181,2013-06-11 10:32:22,5181,49.99,19.49,101434,1
5182,2013-06-11 11:37:58,5182,49.99,19.49,101456,1
5183,2013-06-11 11:58:56,5183,49.99,19.49,101467,1
5184,2013-06-11 12:25:44,5184,49.99,19.49,101477,1
5185,2013-06-11 13:41:49,5185,49.99,19.49,101499,1
5186,2013-06-11 14:33:42,5186,49.99,19.49,101522,1
5187,2013-06-11 14:39:57,5187,49.99,19.49,101528,1
5188,2013-06-11 16:42:08,5188,59.99,22.49,101562,2
5189,2013-06-11 16:45:50,5189,49.99,19.49,101564,1
5190,2013-06-11 17:20:29,5190,59.99,22.49,101575,2
5191,2013-06-11 17:24:53,5191,49.99,19.49,101576,1
5192,2013-06-11 17:54:12,5192,49.99,19.49,101586,1
5193,2013-06-11 18:14:55,5193,59.99,22.49,101594,2
5194,2013-06-11 19:41:08,5194,59.99,22.49,101614,2
5195,2013-06-11 21:01:26,5195,49.99,19.49,101635,1
5196,2013-06-11 21:03:38,5196,59.99,22.49,101637,2
5197,2013-06-11 21:25:50,5197,59.99,22.49,101646,2
5198,2013-06-11 22:32:51,5198,49.99,19.49,101657,1
5199,2013-06-11 23:12:13,5199,49.99,19.49,101665,1
5200,2013-06-12 00:35:32,5200,49.99,19.49,101681,1
5201,2013-06-12 03:01:53,5201,49.99,19.49,101698,1
5202,2013-06-12 03:07:56,5202,49.99,19.49,101699,1
5203,2013-06-12 09:11:59,5203,49.99,19.49,101738,1
5204,2013-06-12 09:17:05,5204,49.99,19.49,101741,1
5205,2013-06-12 09:20:04,5205,49.99,19.49,101744,1
5206,2013-06-12 09:50:48,5206,49.99,19.49,101752,1
5207,2013-06-12 10:14:23,5207,49.99,19.49,101761,1
5208,2013-06-12 13:08:02,5208,59.99,22.49,101831,2
5209,2013-06-12 13:24:22,5209,59.99,22.49,101839,2
5210,2013-06-12 13:24:23,5210,49.99,19.49,101837,1
5211,2013-06-12 14:41:06,5211,49.99,19.49,101866,1
5212,2013-06-12 15:27:05,5212,49.99,19.49,101886,1
5213,2013-06-12 15:44:41,5213,49.99,19.49,101889,1
5214,2013-06-12 17:47:25,5214,49.99,19.49,101940,1
5215,2013-06-12 18:12:33,5215,49.99,19.49,101950,1
5216,2013-06-12 18:21:31,5216,49.99,19.49,101960,1
5217,2013-06-12 19:58:56,5217,49.99,19.49,101983,1
5218,2013-06-12 20:51:40,5218,49.99,19.49,101993,1
5219,2013-06-12 20:55:27,5219,49.99,19.49,101997,1
5220,2013-06-12 21:48:07,5220,49.99,19.49,102007,1
5221,2013-06-12 22:51:57,5221,49.99,19.49,102018,1
5222,2013-06-12 22:53:29,5222,49.99,19.49,102019,1
5223,2013-06-13 05:22:41,5223,49.99,19.49,102053,1
5224,2013-06-13 07:47:43,5224,59.99,22.49,102068,2
5225,2013-06-13 08:37:24,5225,49.99,19.49,102071,1
5226,2013-06-13 08:39:21,5226,49.99,19.49,102075,1
5227,2013-06-13 11:18:50,5227,49.99,19.49,102111,1
5228,2013-06-13 11:39:49,5228,49.99,19.49,102117,1
5229,2013-06-13 12:19:59,5229,49.99,19.49,102132,1
5230,2013-06-13 12:27:27,5230,49.99,19.49,102131,1
5231,2013-06-13 12:41:42,5231,49.99,19.49,102139,1
5232,2013-06-13 12:55:48,5232,49.99,19.49,102145,1
5233,2013-06-13 13:21:12,5233,59.99,22.49,102160,2
5234,2013-06-13 14:00:25,5234,49.99,19.49,102175,1
5235,2013-06-13 14:34:21,5235,49.99,19.49,102187,1
5236,2013-06-13 15:14:22,5236,49.99,19.49,102203,1
5237,2013-06-13 15:24:35,5237,49.99,19.49,102205,1
5238,2013-06-13 15:49:57,5238,49.99,19.49,102219,1
5239,2013-06-13 16:54:35,5239,59.99,22.49,102244,2
5240,2013-06-13 17:08:23,5240,49.99,19.49,102253,1
5241,2013-06-13 17:28:09,5241,49.99,19.49,102262,1
5242,2013-06-13 17:42:57,5242,49.99,19.49,102269,1
5243,2013-06-13 17:54:07,5243,59.99,22.49,102275,2
5244,2013-06-13 18:27:43,5244,49.99,19.49,102280,1
5245,2013-06-13 23:37:12,5245,49.99,19.49,102348,1
5246,2013-06-14 07:46:22,5246,59.99,22.49,102389,2
5247,2013-06-14 11:01:00,5247,49.99,19.49,102438,1
5248,2013-06-14 12:14:36,5248,49.99,19.49,102463,1
5249,2013-06-14 12:25:03,5249,49.99,19.49,102466,1
5250,2013-06-14 12:49:00,5250,49.99,19.49,102470,1
5251,2013-06-14 13:09:39,5251,49.99,19.49,102477,1
5252,2013-06-14 13:38:25,5252,49.99,19.49,102487,1
5253,2013-06-14 14:17:34,5253,49.99,19.49,102501,1
5254,2013-06-14 14:24:34,5254,49.99,19.49,102506,1
5255,2013-06-14 15:50:51,5255,49.99,19.49,102529,1
5256,2013-06-14 16:08:29,5256,59.99,22.49,102544,2
5257,2013-06-14 18:08:14,5257,59.99,22.49,102574,2
5258,2013-06-14 18:11:18,5258,49.99,19.49,102577,1
5259,2013-06-14 18:19:57,5259,49.99,19.49,102578,1
5260,2013-06-14 19:16:35,5260,49.99,19.49,102597,1
5261,2013-06-14 20:50:46,5261,49.99,19.49,102619,1
5262,2013-06-14 23:44:05,5262,49.99,19.49,102637,1
5263,2013-06-15 02:04:51,5263,59.99,22.49,102649,2
5264,2013-06-15 04:30:34,5264,59.99,22.49,102660,2
5265,2013-06-15 06:58:32,5265,49.99,19.49,102668,1
5266,2013-06-15 11:02:44,5266,49.99,19.49,102695,1
5267,2013-06-15 11:36:07,5267,49.99,19.49,102700,1
5268,2013-06-15 12:36:15,5268,49.99,19.49,102713,1
5269,2013-06-15 13:04:40,5269,49.99,19.49,102723,1
5270,2013-06-15 20:08:35,5270,49.99,19.49,102772,1
5271,2013-06-16 01:54:20,5271,49.99,19.49,102813,1
5272,2013-06-16 03:48:57,5272,59.99,22.49,102818,2
5273,2013-06-16 05:51:05,5273,49.99,19.49,102821,1
5274,2013-06-16 10:31:47,5274,59.99,22.49,102837,2
5275,2013-06-16 13:38:32,5275,49.99,19.49,102867,1
5276,2013-06-16 17:49:46,5276,49.99,19.49,102905,1
5277,2013-06-16 18:45:47,5277,49.99,19.49,102912,1
5278,2013-06-16 22:04:19,5278,49.99,19.49,102933,1
5279,2013-06-16 23:06:30,5279,49.99,19.49,102939,1
5280,2013-06-17 01:52:03,5280,49.99,19.49,102964,1
5281,2013-06-17 04:31:30,5281,49.99,19.49,102981,1
5282,2013-06-17 07:02:50,5282,49.99,19.49,102999,1
5283,2013-06-17 10:23:10,5283,49.99,19.49,103036,1
5284,2013-06-17 10:52:26,5284,49.99,19.49,103042,1
5285,2013-06-17 11:32:45,5285,49.99,19.49,103059,1
5286,2013-06-17 11:49:18,5286,49.99,19.49,103072,1
5287,2013-06-17 12:25:12,5287,49.99,19.49,103084,1
5288,2013-06-17 12:37:38,5288,49.99,19.49,103091,1
5289,2013-06-17 12:48:07,5289,59.99,22.49,103096,2
5290,2013-06-17 15:31:14,5290,49.99,19.49,103165,1
5291,2013-06-17 15:45:06,5291,49.99,19.49,103171,1
5292,2013-06-17 16:18:53,5292,59.99,22.49,103184,2
5293,2013-06-17 16:39:02,5293,49.99,19.49,103190,1
5294,2013-06-17 16:58:24,5294,49.99,19.49,103198,1
5295,2013-06-17 16:59:24,5295,49.99,19.49,103199,1
5296,2013-06-17 17:52:15,5296,49.99,19.49,103213,1
5297,2013-06-17 20:21:32,5297,49.99,19.49,103245,1
5298,2013-06-17 20:29:30,5298,49.99,19.49,103251,1
5299,2013-06-17 21:59:00,5299,49.99,19.49,103272,1
5300,2013-06-17 22:09:22,5300,49.99,19.49,103273,1
5301,2013-06-17 22:54:55,5301,49.99,19.49,103280,1
5302,2013-06-18 01:38:02,5302,59.99,22.49,103303,2
5303,2013-06-18 02:13:04,5303,49.99,19.49,103307,1
5304,2013-06-18 03:10:38,5304,49.99,19.49,103310,1
5305,2013-06-18 03:46:46,5305,49.99,19.49,103314,1
5306,2013-06-18 05:35:35,5306,59.99,22.49,103324,2
5307,2013-06-18 05:47:16,5307,49.99,19.49,103326,1
5308,2013-06-18 08:36:33,5308,49.99,19.49,103353,1
5309,2013-06-18 09:36:13,5309,49.99,19.49,103371,1
5310,2013-06-18 09:58:45,5310,49.99,19.49,103378,1
5311,2013-06-18 10:01:17,5311,49.99,19.49,103380,1
5312,2013-06-18 10:05:05,5312,49.99,19.49,103379,1
5313,2013-06-18 11:14:31,5313,49.99,19.49,103403,1
5314,2013-06-18 11:21:47,5314,49.99,19.49,103407,1
5315,2013-06-18 11:36:47,5315,59.99,22.49,103418,2
5316,2013-06-18 13:37:27,5316,59.99,22.49,103473,2
5317,2013-06-18 15:06:37,5317,49.99,19.49,103516,1
5318,2013-06-18 16:29:40,5318,49.99,19.49,103559,1
5319,2013-06-18 16:59:10,5319,49.99,19.49,103570,1
5320,2013-06-18 17:30:46,5320,49.99,19.49,103579,1
5321,2013-06-18 18:05:04,5321,49.99,19.49,103592,1
5322,2013-06-18 18:20:49,5322,49.99,19.49,103598,1
5323,2013-06-18 18:41:28,5323,49.99,19.49,103604,1
5324,2013-06-18 20:04:13,5324,49.99,19.49,103627,1
5325,2013-06-18 20:27:20,5325,49.99,19.49,103632,1
5326,2013-06-18 21:33:45,5326,49.99,19.49,103650,1
5327,2013-06-18 22:37:17,5327,49.99,19.49,103658,1
5328,2013-06-18 23:34:35,5328,49.99,19.49,103667,1
5329,2013-06-19 00:37:09,5329,49.99,19.49,103673,1
5330,2013-06-19 01:04:41,5330,59.99,22.49,103679,2
5331,2013-06-19 07:54:48,5331,49.99,19.49,103718,1
5332,2013-06-19 09:47:34,5332,49.99,19.49,103742,1
5333,2013-06-19 09:52:48,5333,49.99,19.49,103743,1
5334,2013-06-19 10:05:36,5334,49.99,19.49,103751,1
5335,2013-06-19 10:41:49,5335,59.99,22.49,103763,2
5336,2013-06-19 11:10:33,5336,59.99,22.49,103782,2
5337,2013-06-19 11:39:32,5337,59.99,22.49,103788,2
5338,2013-06-19 11:47:51,5338,49.99,19.49,103791,1
5339,2013-06-19 11:50:07,5339,49.99,19.49,103799,1
5340,2013-06-19 14:07:26,5340,49.99,19.49,103846,1
5341,2013-06-19 14:48:48,5341,59.99,22.49,103862,2
5342,2013-06-19 17:00:21,5342,49.99,19.49,103915,1
5343,2013-06-19 18:36:00,5343,49.99,19.49,103950,1
5344,2013-06-19 18:54:04,5344,49.99,19.49,103956,1
5345,2013-06-19 19:25:05,5345,49.99,19.49,103962,1
5346,2013-06-19 20:13:03,5346,49.99,19.49,103975,1
5347,2013-06-19 20:41:25,5347,59.99,22.49,103984,2
5348,2013-06-19 21:12:01,5348,49.99,19.49,103991,1
5349,2013-06-19 23:19:26,5349,49.99,19.49,104016,1
5350,2013-06-20 00:43:25,5350,49.99,19.49,104029,1
5351,2013-06-20 00:55:51,5351,59.99,22.49,104031,2
5352,2013-06-20 07:50:06,5352,49.99,19.49,104069,1
5353,2013-06-20 08:15:03,5353,49.99,19.49,104075,1
5354,2013-06-20 08:47:29,5354,49.99,19.49,104089,1
5355,2013-06-20 08:48:01,5355,49.99,19.49,104090,1
5356,2013-06-20 09:10:53,5356,59.99,22.49,104096,2
5357,2013-06-20 11:32:17,5357,49.99,19.49,104152,1
5358,2013-06-20 11:52:06,5358,49.99,19.49,104159,1
5359,2013-06-20 12:49:35,5359,59.99,22.49,104178,2
5360,2013-06-20 13:04:31,5360,49.99,19.49,104183,1
5361,2013-06-20 13:20:39,5361,49.99,19.49,104192,1
5362,2013-06-20 13:27:44,5362,49.99,19.49,104198,1
5363,2013-06-20 13:47:35,5363,59.99,22.49,104213,2
5364,2013-06-20 13:59:42,5364,49.99,19.49,104220,1
5365,2013-06-20 14:07:53,5365,59.99,22.49,104222,2
5366,2013-06-20 14:21:09,5366,49.99,19.49,104227,1
5367,2013-06-20 14:23:48,5367,59.99,22.49,104230,2
5368,2013-06-20 15:56:54,5368,49.99,19.49,104274,1
5369,2013-06-20 15:59:08,5369,49.99,19.49,104271,1
5370,2013-06-20 16:11:42,5370,59.99,22.49,104277,2
5371,2013-06-20 16:15:38,5371,49.99,19.49,104280,1
5372,2013-06-20 16:28:01,5372,49.99,19.49,104283,1
5373,2013-06-20 16:30:58,5373,49.99,19.49,104286,1
5374,2013-06-20 16:45:49,5374,49.99,19.49,104291,1
5375,2013-06-20 17:00:07,5375,49.99,19.49,104301,1
5376,2013-06-20 17:49:11,5376,49.99,19.49,104325,1
5377,2013-06-20 19:11:02,5377,49.99,19.49,104358,1
5378,2013-06-20 19:11:15,5378,49.99,19.49,104357,1
5379,2013-06-20 21:07:32,5379,49.99,19.49,104373,1
5380,2013-06-20 21:14:04,5380,49.99,19.49,104374,1
5381,2013-06-20 21:53:53,5381,49.99,19.49,104381,1
5382,2013-06-20 22:20:50,5382,49.99,19.49,104386,1
5383,2013-06-20 23:04:40,5383,49.99,19.49,104394,1
5384,2013-06-21 00:47:36,5384,49.99,19.49,104404,1
5385,2013-06-21 03:30:24,5385,49.99,19.49,104417,1
5386,2013-06-21 05:53:36,5386,49.99,19.49,104436,1
5387,2013-06-21 06:30:09,5387,49.99,19.49,104440,1
5388,2013-06-21 06:40:56,5388,49.99,19.49,104442,1
5389,2013-06-21 08:29:27,5389,49.99,19.49,104459,1
5390,2013-06-21 08:47:22,5390,49.99,19.49,104464,1
5391,2013-06-21 08:51:08,5391,49.99,19.49,104463,1
5392,2013-06-21 09:13:12,5392,49.99,19.49,104468,1
5393,2013-06-21 09:28:33,5393,59.99,22.49,104472,2
5394,2013-06-21 09:36:59,5394,49.99,19.49,104477,1
5395,2013-06-21 10:05:45,5395,49.99,19.49,104489,1
5396,2013-06-21 10:07:31,5396,49.99,19.49,104487,1
5397,2013-06-21 10:44:30,5397,49.99,19.49,104501,1
5398,2013-06-21 11:25:47,5398,49.99,19.49,104515,1
5399,2013-06-21 11:46:52,5399,59.99,22.49,104528,2
5400,2013-06-21 13:51:26,5400,49.99,19.49,104562,1
5401,2013-06-21 15:14:05,5401,49.99,19.49,104583,1
5402,2013-06-21 15:14:19,5402,49.99,19.49,104586,1
5403,2013-06-21 16:53:47,5403,59.99,22.49,104624,2
5404,2013-06-21 17:06:12,5404,49.99,19.49,104629,1
5405,2013-06-21 19:19:04,5405,49.99,19.49,104663,1
5406,2013-06-21 20:22:45,5406,49.99,19.49,104674,1
5407,2013-06-21 20:23:49,5407,59.99,22.49,104673,2
5408,2013-06-21 23:35:37,5408,49.99,19.49,104693,1
5409,2013-06-22 01:01:56,5409,59.99,22.49,104699,2
5410,2013-06-22 01:25:23,5410,49.99,19.49,104702,1
5411,2013-06-22 02:02:27,5411,49.99,19.49,104704,1
5412,2013-06-22 05:54:35,5412,49.99,19.49,104725,1
5413,2013-06-22 06:29:06,5413,49.99,19.49,104730,1
5414,2013-06-22 11:09:20,5414,59.99,22.49,104760,2
5415,2013-06-22 11:36:47,5415,49.99,19.49,104765,1
5416,2013-06-22 13:59:29,5416,49.99,19.49,104786,1
5417,2013-06-22 15:52:05,5417,49.99,19.49,104805,1
5418,2013-06-22 17:06:33,5418,49.99,19.49,104818,1
5419,2013-06-23 00:02:22,5419,49.99,19.49,104868,1
5420,2013-06-23 01:53:37,5420,49.99,19.49,104880,1
5421,2013-06-23 07:22:19,5421,49.99,19.49,104904,1
5422,2013-06-23 10:27:32,5422,49.99,19.49,104918,1
5423,2013-06-23 11:32:22,5423,49.99,19.49,104925,1
5424,2013-06-23 12:37:48,5424,49.99,19.49,104931,1
5425,2013-06-23 16:16:56,5425,49.99,19.49,104959,1
5426,2013-06-23 19:44:03,5426,49.99,19.49,104984,1
5427,2013-06-23 20:16:48,5427,49.99,19.49,104989,1
5428,2013-06-23 20:50:45,5428,49.99,19.49,104995,1
5429,2013-06-23 22:17:22,5429,49.99,19.49,105017,1
5430,2013-06-23 22:53:10,5430,49.99,19.49,105021,1
5431,2013-06-23 22:56:18,5431,49.99,19.49,105024,1
5432,2013-06-24 00:25:25,5432,49.99,19.49,105039,1
5433,2013-06-24 01:37:43,5433,49.99,19.49,105048,1
5434,2013-06-24 03:24:05,5434,49.99,19.49,105066,1
5435,2013-06-24 05:31:11,5435,49.99,19.49,105077,1
5436,2013-06-24 09:27:54,5436,49.99,19.49,105112,1
5437,2013-06-24 09:39:40,5437,49.99,19.49,105118,1
5438,2013-06-24 10:23:55,5438,49.99,19.49,105136,1
5439,2013-06-24 10:36:35,5439,49.99,19.49,105140,1
5440,2013-06-24 11:16:17,5440,49.99,19.49,105153,1
5441,2013-06-24 11:54:35,5441,49.99,19.49,105175,1
5442,2013-06-24 11:56:58,5442,49.99,19.49,105176,1
5443,2013-06-24 14:25:45,5443,49.99,19.49,105219,1
5444,2013-06-24 15:02:01,5444,49.99,19.49,105232,1
5445,2013-06-24 15:13:51,5445,49.99,19.49,105237,1
5446,2013-06-24 15:20:56,5446,49.99,19.49,105240,1
5447,2013-06-24 15:37:06,5447,49.99,19.49,105246,1
5448,2013-06-24 16:04:34,5448,59.99,22.49,105256,2
5449,2013-06-24 16:38:33,5449,49.99,19.49,105272,1
5450,2013-06-24 18:06:33,5450,49.99,19.49,105294,1
5451,2013-06-24 20:00:26,5451,49.99,19.49,105313,1
5452,2013-06-25 00:08:29,5452,59.99,22.49,105352,2
5453,2013-06-25 00:43:44,5453,49.99,19.49,105359,1
5454,2013-06-25 01:22:28,5454,49.99,19.49,105366,1
5455,2013-06-25 09:03:37,5455,49.99,19.49,105418,1
5456,2013-06-25 09:43:26,5456,49.99,19.49,105430,1
5457,2013-06-25 10:22:55,5457,49.99,19.49,105444,1
5458,2013-06-25 10:26:47,5458,59.99,22.49,105446,2
5459,2013-06-25 11:32:34,5459,49.99,19.49,105464,1
5460,2013-06-25 11:46:42,5460,59.99,22.49,105471,2
5461,2013-06-25 11:55:55,5461,49.99,19.49,105477,1
5462,2013-06-25 13:05:11,5462,49.99,19.49,105503,1
5463,2013-06-25 14:19:26,5463,49.99,19.49,105524,1
5464,2013-06-25 14:28:19,5464,49.99,19.49,105526,1
5465,2013-06-25 14:37:07,5465,49.99,19.49,105527,1
5466,2013-06-25 14:37:51,5466,49.99,19.49,105533,1
5467,2013-06-25 15:16:08,5467,49.99,19.49,105549,1
5468,2013-06-25 15:56:19,5468,49.99,19.49,105566,1
5469,2013-06-25 16:27:08,5469,59.99,22.49,105577,2
5470,2013-06-25 19:45:30,5470,59.99,22.49,105643,2
5471,2013-06-25 20:06:39,5471,49.99,19.49,105646,1
5472,2013-06-25 20:52:45,5472,49.99,19.49,105657,1
5473,2013-06-26 02:24:20,5473,49.99,19.49,105713,1
5474,2013-06-26 04:00:18,5474,49.99,19.49,105719,1
5475,2013-06-26 04:31:28,5475,49.99,19.49,105725,1
5476,2013-06-26 08:30:32,5476,49.99,19.49,105758,1
5477,2013-06-26 09:14:12,5477,49.99,19.49,105763,1
5478,2013-06-26 09:22:18,5478,49.99,19.49,105765,1
5479,2013-06-26 10:16:48,5479,59.99,22.49,105787,2
5480,2013-06-26 10:37:06,5480,49.99,19.49,105796,1
5481,2013-06-26 11:08:45,5481,49.99,19.49,105813,1
5482,2013-06-26 11:46:08,5482,49.99,19.49,105835,1
5483,2013-06-26 12:37:34,5483,59.99,22.49,105854,2
5484,2013-06-26 12:51:29,5484,49.99,19.49,105860,1
5485,2013-06-26 14:17:07,5485,49.99,19.49,105896,1
5486,2013-06-26 14:29:17,5486,49.99,19.49,105898,1
5487,2013-06-26 15:01:07,5487,49.99,19.49,105913,1
5488,2013-06-26 15:15:12,5488,49.99,19.49,105918,1
5489,2013-06-26 16:04:56,5489,49.99,19.49,105940,1
5490,2013-06-26 16:12:57,5490,49.99,19.49,105944,1
5491,2013-06-26 16:51:48,5491,49.99,19.49,105961,1
5492,2013-06-26 17:58:50,5492,49.99,19.49,105977,1
5493,2013-06-26 18:18:07,5493,49.99,19.49,105982,1
5494,2013-06-26 19:43:03,5494,49.99,19.49,106005,1
5495,2013-06-26 19:58:29,5495,49.99,19.49,106008,1
5496,2013-06-26 21:47:17,5496,49.99,19.49,106031,1
5497,2013-06-26 22:43:35,5497,49.99,19.49,106042,1
5498,2013-06-26 22:55:12,5498,59.99,22.49,106044,2
5499,2013-06-27 01:10:00,5499,49.99,19.49,106059,1
5500,2013-06-27 02:40:20,5500,49.99,19.49,106063,1
5501,2013-06-27 02:51:53,5501,49.99,19.49,106067,1
5502,2013-06-27 07:01:12,5502,49.99,19.49,106090,1
5503,2013-06-27 07:52:24,5503,49.99,19.49,106092,1
5504,2013-06-27 07:57:57,5504,49.99,19.49,106094,1
5505,2013-06-27 08:02:54,5505,49.99,19.49,106095,1
5506,2013-06-27 08:20:06,5506,59.99,22.49,106100,2
5507,2013-06-27 09:57:40,5507,49.99,19.49,106133,1
5508,2013-06-27 10:21:14,5508,49.99,19.49,106137,1
5509,2013-06-27 10:27:11,5509,59.99,22.49,106139,2
5510,2013-06-27 10:32:18,5510,49.99,19.49,106142,1
5511,2013-06-27 10:42:17,5511,49.99,19.49,106152,1
5512,2013-06-27 10:51:43,5512,49.99,19.49,106154,1
5513,2013-06-27 11:17:58,5513,59.99,22.49,106167,2
5514,2013-06-27 12:14:26,5514,49.99,19.49,106184,1
5515,2013-06-27 12:34:23,5515,49.99,19.49,106196,1
5516,2013-06-27 12:51:45,5516,49.99,19.49,106202,1
5517,2013-06-27 13:00:14,5517,49.99,19.49,106207,1
5518,2013-06-27 13:22:22,5518,49.99,19.49,106213,1
5519,2013-06-27 13:56:09,5519,49.99,19.49,106235,1
5520,2013-06-27 14:26:10,5520,49.99,19.49,106249,1
5521,2013-06-27 14:28:39,5521,49.99,19.49,106243,1
5522,2013-06-27 14:33:31,5522,59.99,22.49,106252,2
5523,2013-06-27 14:39:51,5523,49.99,19.49,106250,1
5524,2013-06-27 14:40:10,5524,49.99,19.49,106253,1
5525,2013-06-27 15:40:40,5525,49.99,19.49,106269,1
5526,2013-06-27 16:24:02,5526,49.99,19.49,106289,1
5527,2013-06-27 16:33:40,5527,49.99,19.49,106292,1
5528,2013-06-27 17:04:10,5528,49.99,19.49,106302,1
5529,2013-06-27 17:32:09,5529,49.99,19.49,106313,1
5530,2013-06-27 18:12:49,5530,49.99,19.49,106324,1
5531,2013-06-27 19:03:02,5531,49.99,19.49,106343,1
5532,2013-06-27 19:55:20,5532,49.99,19.49,106353,1
5533,2013-06-27 20:56:33,5533,49.99,19.49,106366,1
5534,2013-06-27 21:31:31,5534,59.99,22.49,106374,2
5535,2013-06-28 00:23:48,5535,49.99,19.49,106400,1
5536,2013-06-28 01:24:31,5536,49.99,19.49,106408,1
5537,2013-06-28 02:13:42,5537,49.99,19.49,106418,1
5538,2013-06-28 02:25:56,5538,59.99,22.49,106421,2
5539,2013-06-28 02:39:15,5539,49.99,19.49,106424,1
5540,2013-06-28 06:55:12,5540,59.99,22.49,106463,2
5541,2013-06-28 07:13:51,5541,49.99,19.49,106468,1
5542,2013-06-28 08:50:11,5542,49.99,19.49,106485,1
5543,2013-06-28 08:54:11,5543,49.99,19.49,106487,1
5544,2013-06-28 09:00:39,5544,49.99,19.49,106490,1
5545,2013-06-28 10:15:11,5545,49.99,19.49,106504,1
5546,2013-06-28 10:46:56,5546,59.99,22.49,106514,2
5547,2013-06-28 11:16:37,5547,49.99,19.49,106523,1
5548,2013-06-28 13:11:04,5548,49.99,19.49,106561,1
5549,2013-06-28 13:22:01,5549,49.99,19.49,106560,1
5550,2013-06-28 13:22:04,5550,59.99,22.49,106563,2
5551,2013-06-28 14:23:26,5551,49.99,19.49,106586,1
5552,2013-06-28 17:42:15,5552,49.99,19.49,106649,1
5553,2013-06-28 17:48:08,5553,49.99,19.49,106655,1
5554,2013-06-28 19:03:24,5554,49.99,19.49,106674,1
5555,2013-06-28 19:07:25,5555,49.99,19.49,106675,1
5556,2013-06-28 22:12:36,5556,49.99,19.49,106707,1
5557,2013-06-29 00:50:38,5557,49.99,19.49,106732,1
5558,2013-06-29 01:44:04,5558,49.99,19.49,106742,1
5559,2013-06-29 07:54:58,5559,49.99,19.49,106769,1
5560,2013-06-29 10:57:02,5560,49.99,19.49,106786,1
5561,2013-06-29 11:58:31,5561,49.99,19.49,106804,1
5562,2013-06-29 14:43:44,5562,49.99,19.49,106825,1
5563,2013-06-29 15:03:35,5563,49.99,19.49,106830,1
5564,2013-06-29 16:20:34,5564,49.99,19.49,106839,1
5565,2013-06-29 17:20:48,5565,49.99,19.49,106851,1
5566,2013-06-29 21:10:17,5566,49.99,19.49,106873,1
5567,2013-06-29 22:31:56,5567,49.99,19.49,106881,1
5568,2013-06-30 13:27:11,5568,49.99,19.49,106955,1
5569,2013-06-30 13:52:59,5569,49.99,19.49,106959,1
5570,2013-06-30 17:16:05,5570,49.99,19.49,106985,1
5571,2013-06-30 17:57:11,5571,49.99,19.49,106990,1
5572,2013-06-30 17:58:53,5572,49.99,19.49,106992,1
5573,2013-06-30 21:36:06,5573,59.99,22.49,107021,2
5574,2013-06-30 21:47:14,5574,49.99,19.49,107023,1
5575,2013-06-30 22:02:30,5575,59.99,22.49,107029,2
5576,2013-06-30 22:59:52,5576,49.99,19.49,107032,1