order_item_id,created_at,order_id,price_usd,cogs_usd,website_session_id,product_id
2587,"2013-01-01 00:40:22",2587,49.99,19.49,62474,1
2588,"2013-01-01 04:48:36",2588,49.99,19.49,62484,1
2589,"2013-01-01 06:12:38",2589,49.99,19.49,62487,1
2590,"2013-01-01 11:21:47",2590,49.99,19.49,62538,1
2591,"2013-01-01 12:50:32",2591,49.99,19.49,62557,1
2592,"2013-01-01 13:18:29",2592,49.99,19.49,62566,1
2593,"2013-01-01 13:42:01",2593,49.99,19.49,62571,1
2594,"2013-01-01 14:39:36",2594,49.99,19.49,62588,1
2595,"2013-01-01 17:40:44",2595,49.99,19.49,62624,1
2596,"2013-01-01 17:43:03",2596,49.99,19.49,62625,1
2597,"2013-01-01 21:39:38",2597,49.99,19.49,62664,1
2598,"2013-01-01 23:57:31",2598,49.99,19.49,62687,1
2599,"2013-01-01 23:58:03",2599,49.99,19.49,62686,1
2600,"2013-01-02 06:28:53",2600,49.99,19.49,62713,1
2601,"2013-01-02 07:54:46",2601,49.99,19.49,62721,1
2602,"2013-01-02 08:37:26",2602,49.99,19.49,62727,1
2603,"2013-01-02 09:32:33",2603,49.99,19.49,62737,1
2604,"2013-01-02 09:55:08",2604,49.99,19.49,62741,1
2605,"2013-01-02 10:36:16",2605,49.99,19.49,62754,1
2606,"2013-01-02 10:52:33",2606,49.99,19.49,62757,1
2607,"2013-01-02 11:46:34",2607,49.99,19.49,62775,1
2608,"2013-01-02 11:53:33",2608,49.99,19.49,62777,1
2609,"2013-01-02 12:20:00",2609,49.99,19.49,62781,1
2610,"2013-01-02 14:47:04",2610,49.99,19.49,62810,1
2611,"2013-01-02 14:57:11",2611,49.99,19.49,62814,1
2612,"2013-01-02 17:11:21",2612,49.99,19.49,62851,1
2613,"2013-01-02 20:32:56",2613,49.99,19.49,62904,1
2614,"2013-01-02 22:29:55",2614,49.99,19.49,62924,1
2615,"2013-01-02 22:47:44",2615,49.99,19.49,62925,1
2616,"2013-01-02 23:15:17",2616,49.99,19.49,62930,1
2617,"2013-01-03 00:13:42",2617,49.99,19.49,62940,1
2618,"2013-01-03 00:51:26",2618,49.99,19.49,62948,1
2619,"2013-01-03 10:13:54",2619,49.99,19.49,62991,1
2620,"2013-01-03 11:27:06",2620,49.99,19.49,63009,1
2621,"2013-01-03 15:09:56",2621,49.99,19.49,63066,1
2622,"2013-01-03 15:20:07",2622,49.99,19.49,63069,1
2623,"2013-01-03 15:28:28",2623,49.99,19.49,63074,1
2624,"2013-01-03 15:59:31",2624,49.99,19.49,63086,1
2625,"2013-01-03 17:55:13",2625,49.99,19.49,63119,1
2626,"2013-01-03 19:51:49",2626,49.99,19.49,63140,1
2627,"2013-01-03 20:41:58",2627,49.99,19.49,63148,1
2628,"2013-01-03 21:30:36",2628,49.99,19.49,63152,1
2629,"2013-01-04 02:33:56",2629,49.99,19.49,63181,1
2630,"2013-01-04 08:03:53",2630,49.99,19.49,63207,1
2631,"2013-01-04 08:16:59",2631,49.99,19.49,63208,1
2632,"2013-01-04 11:31:31",2632,49.99,19.49,63258,1
2633,"2013-01-04 11:34:59",2633,49.99,19.49,63260,1
2634,"2013-01-04 13:41:07",2634,49.99,19.49,63297,1
2635,"2013-01-04 15:56:49",2635,49.99,19.49,63327,1
2636,"2013-01-04 16:26:09",2636,49.99,19.49,63339,1
2637,"2013-01-04 16:43:01",2637,49.99,19.49,63342,1
2638,"2013-01-04 16:52:33",2638,49.99,19.49,63346,1
2639,"2013-01-04 18:06:57",2639,49.99,19.49,63361,1
2640,"2013-01-04 18:52:22",2640,49.99,19.49,63367,1
2641,"2013-01-04 19:18:52",2641,49.99,19.49,63372,1
2642,"2013-01-04 19:24:58",2642,49.99,19.49,63374,1
2643,"2013-01-04 19:35:26",2643,49.99,19.49,63375,1
2644,"2013-01-04 22:23:11",2644,49.99,19.49,63386,1
2645,"2013-01-05 07:52:29",2645,49.99,19.49,63417,1
2646,"2013-01-05 09:23:36",2646,49.99,19.49,63426,1
2647,"2013-01-05 12:47:43",2647,49.99,19.49,63445,1
2648,"2013-01-05 14:51:09",2648,49.99,19.49,63464,1
2649,"2013-01-05 18:30:00",2649,49.99,19.49,63486,1
2650,"2013-01-06 00:12:15",2650,49.99,19.49,63513,1
2651,"2013-01-06 03:36:39",2651,49.99,19.49,63521,1
2652,"2013-01-06 08:10:45",2652,49.99,19.49,63534,1
2653,"2013-01-06 13:05:17",2653,49.99,19.49,63555,1
2654,"2013-01-06 13:11:58",2654,49.99,19.49,63558,1
2655,"2013-01-06 15:31:29",2655,49.99,19.49,63579,1
2656,"2013-01-06 16:14:04",2656,49.99,19.49,63585,1
2657,"2013-01-06 19:12:59",2657,49.99,19.49,63605,1
2658,"2013-01-06 21:36:21",2658,49.99,19.49,63621,1
2659,"2013-01-06 22:26:02",2659,49.99,19.49,63625,1
2660,"2013-01-06 22:44:28",2660,49.99,19.49,63630,1
2661,"2013-01-07 09:46:48",2661,49.99,19.49,63708,1
2662,"2013-01-07 11:40:06",2662,59.99,22.49,63737,2
2663,"2013-01-07 12:33:34",2663,59.99,22.49,63747,2
2664,"2013-01-07 13:31:40",2664,49.99,19.49,63765,1
2665,"2013-01-07 15:25:02",2665,49.99,19.49,63795,1
2666,"2013-01-07 17:33:24",2666,49.99,19.49,63818,1
2667,"2013-01-07 18:45:06",2667,49.99,19.49,63832,1
2668,"2013-01-07 20:25:42",2668,49.99,19.49,63848,1
2669,"2013-01-07 20:37:54",2669,49.99,19.49,63849,1
2670,"2013-01-07 21:39:56",2670,49.99,19.49,63860,1
2671,"2013-01-07 21:56:24",2671,49.99,19.49,63863,1
2672,"2013-01-07 22:33:13",2672,49.99,19.49,63866,1
2673,"2013-01-08 00:59:18",2673,49.99,19.49,63886,1
2674,"2013-01-08 09:28:46",2674,49.99,19.49,63934,1
2675,"2013-01-08 09:54:20",2675,49.99,19.49,63937,1
2676,"2013-01-08 10:10:17",2676,49.99,19.49,63939,1
2677,"2013-01-08 11:27:44",2677,49.99,19.49,63956,1
2678,"2013-01-08 12:00:49",2678,49.99,19.49,63964,1
2679,"2013-01-08 14:35:39",2679,49.99,19.49,63998,1
2680,"2013-01-08 14:50:45",2680,49.99,19.49,64003,1
2681,"2013-01-08 15:07:37",2681,49.99,19.49,64007,1
2682,"2013-01-08 15:30:56",2682,59.99,22.49,64011,2
2683,"2013-01-08 15:33:31",2683,59.99,22.49,64015,2
2684,"2013-01-08 15:55:08",2684,49.99,19.49,64022,1
2685,"2013-01-08 16:05:14",2685,49.99,19.49,64027,1
2686,"2013-01-08 16:14:31",2686,49.99,19.49,64032,1
2687,"2013-01-08 16:16:24",2687,49.99,19.49,64029,1
2688,"2013-01-08 17:51:08",2688,59.99,22.49,64057,2
2689,"2013-01-08 18:16:06",2689,49.99,19.49,64063,1
2690,"2013-01-09 00:52:52",2690,49.99,19.49,64108,1
2691,"2013-01-09 07:51:30",2691,49.99,19.49,64138,1
2692,"2013-01-09 09:40:29",2692,49.99,19.49,64164,1
2693,"2013-01-09 10:04:31",2693,49.99,19.49,64170,1
2694,"2013-01-09 10:13:47",2694,49.99,19.49,64172,1
2695,"2013-01-09 11:52:04",2695,49.99,19.49,64198,1
2696,"2013-01-09 11:57:49",2696,49.99,19.49,64201,1
2697,"2013-01-09 13:18:20",2697,49.99,19.49,64218,1
2698,"2013-01-09 13:40:35",2698,49.99,19.49,64224,1
2699,"2013-01-09 13:44:55",2699,59.99,22.49,64226,2
2700,"2013-01-09 14:14:23",2700,49.99,19.49,64231,1
2701,"2013-01-09 15:11:23",2701,59.99,22.49,64249,2
2702,"2013-01-09 15:20:57",2702,49.99,19.49,64250,1
2703,"2013-01-09 15:30:54",2703,49.99,19.49,64256,1
2704,"2013-01-09 15:50:24",2704,49.99,19.49,64259,1
2705,"2013-01-09 18:44:19",2705,59.99,22.49,64303,2
2706,"2013-01-09 19:07:23",2706,49.99,19.49,64310,1
2707,"2013-01-09 19:38:49",2707,49.99,19.49,64316,1
2708,"2013-01-09 20:16:16",2708,49.99,19.49,64325,1
2709,"2013-01-09 20:17:47",2709,49.99,19.49,64330,1
2710,"2013-01-09 20:18:49",2710,59.99,22.49,64329,2
2711,"2013-01-09 21:10:13",2711,49.99,19.49,64340,1
2712,"2013-01-09 22:37:41",2712,49.99,19.49,64353,1
2713,"2013-01-10 05:58:47",2713,49.99,19.49,64390,1
2714,"2013-01-10 06:33:21",2714,59.99,22.49,64393,2
2715,"2013-01-10 09:24:45",2715,49.99,19.49,64418,1
2716,"2013-01-10 10:02:29",2716,59.99,22.49,64424,2
2717,"2013-01-10 11:13:15",2717,49.99,19.49,64440,1
2718,"2013-01-10 11:46:52",2718,49.99,19.49,64450,1
2719,"2013-01-10 11:51:19",2719,49.99,19.49,64451,1
2720,"2013-01-10 12:17:42",2720,49.99,19.49,64455,1
2721,"2013-01-10 13:57:08",2721,49.99,19.49,64480,1
2722,"2013-01-10 14:11:09",2722,49.99,19.49,64490,1
2723,"2013-01-10 14:14:48",2723,49.99,19.49,64489,1
2724,"2013-01-10 17:09:26",2724,59.99,22.49,64520,2
2725,"2013-01-10 17:53:59",2725,49.99,19.49,64532,1
2726,"2013-01-10 23:00:28",2726,49.99,19.49,64577,1
2727,"2013-01-11 07:04:30",2727,49.99,19.49,64617,1
2728,"2013-01-11 12:08:04",2728,49.99,19.49,64667,1
2729,"2013-01-11 12:51:09",2729,49.99,19.49,64674,1
2730,"2013-01-11 13:06:23",2730,49.99,19.49,64677,1
2731,"2013-01-11 13:34:54",2731,59.99,22.49,64686,2
2732,"2013-01-11 13:56:25",2732,49.99,19.49,64692,1
2733,"2013-01-11 16:26:23",2733,49.99,19.49,64731,1
2734,"2013-01-11 16:45:25",2734,49.99,19.49,64734,1
2735,"2013-01-11 18:30:49",2735,59.99,22.49,64749,2
2736,"2013-01-11 23:22:11",2736,49.99,19.49,64771,1
2737,"2013-01-12 01:04:13",2737,49.99,19.49,64776,1
2738,"2013-01-12 08:01:51",2738,59.99,22.49,64790,2
2739,"2013-01-12 09:59:24",2739,49.99,19.49,64799,1
2740,"2013-01-12 14:13:28",2740,49.99,19.49,64828,1
2741,"2013-01-12 14:15:10",2741,59.99,22.49,64831,2
2742,"2013-01-13 08:22:13",2742,49.99,19.49,64899,1
2743,"2013-01-13 12:31:51",2743,49.99,19.49,64919,1
2744,"2013-01-13 19:05:00",2744,49.99,19.49,64942,1
2745,"2013-01-13 20:20:59",2745,59.99,22.49,64950,2
2746,"2013-01-13 21:48:44",2746,49.99,19.49,64959,1
2747,"2013-01-14 01:03:32",2747,49.99,19.49,64984,1
2748,"2013-01-14 07:29:02",2748,49.99,19.49,65013,1
2749,"2013-01-14 08:51:21",2749,49.99,19.49,65024,1
2750,"2013-01-14 10:15:48",2750,49.99,19.49,65039,1
2751,"2013-01-14 10:59:30",2751,59.99,22.49,65051,2
2752,"2013-01-14 13:44:14",2752,49.99,19.49,65093,1
2753,"2013-01-14 15:48:59",2753,49.99,19.49,65132,1
2754,"2013-01-14 17:14:05",2754,49.99,19.49,65148,1
2755,"2013-01-14 17:47:12",2755,49.99,19.49,65151,1
2756,"2013-01-14 18:16:11",2756,49.99,19.49,65158,1
2757,"2013-01-14 19:00:30",2757,49.99,19.49,65166,1
2758,"2013-01-14 20:30:40",2758,49.99,19.49,65178,1
2759,"2013-01-14 22:02:33",2759,59.99,22.49,65197,2
2760,"2013-01-14 23:50:42",2760,49.99,19.49,65215,1
2761,"2013-01-15 06:53:22",2761,49.99,19.49,65243,1
2762,"2013-01-15 07:29:51",2762,49.99,19.49,65247,1
2763,"2013-01-15 08:31:59",2763,49.99,19.49,65256,1
2764,"2013-01-15 09:44:51",2764,59.99,22.49,65268,2
2765,"2013-01-15 14:01:50",2765,49.99,19.49,65334,1
2766,"2013-01-15 14:26:53",2766,49.99,19.49,65340,1
2767,"2013-01-15 15:54:30",2767,49.99,19.49,65368,1
2768,"2013-01-15 15:55:19",2768,49.99,19.49,65369,1
2769,"2013-01-15 17:02:32",2769,49.99,19.49,65389,1
2770,"2013-01-15 18:03:06",2770,49.99,19.49,65398,1
2771,"2013-01-15 18:06:59",2771,49.99,19.49,65400,1
2772,"2013-01-15 18:31:12",2772,49.99,19.49,65405,1
2773,"2013-01-15 20:09:17",2773,49.99,19.49,65424,1
2774,"2013-01-15 21:23:46",2774,49.99,19.49,65435,1
2775,"2013-01-15 21:55:21",2775,49.99,19.49,65440,1
2776,"2013-01-15 22:26:27",2776,49.99,19.49,65445,1
2777,"2013-01-15 23:11:13",2777,49.99,19.49,65450,1
2778,"2013-01-16 00:34:59",2778,49.99,19.49,65466,1
2779,"2013-01-16 01:26:53",2779,49.99,19.49,65472,1
2780,"2013-01-16 04:14:17",2780,49.99,19.49,65483,1
2781,"2013-01-16 05:27:48",2781,49.99,19.49,65488,1
2782,"2013-01-16 06:24:51",2782,59.99,22.49,65498,2
2783,"2013-01-16 09:22:16",2783,49.99,19.49,65515,1
2784,"2013-01-16 09:28:51",2784,49.99,19.49,65517,1
2785,"2013-01-16 11:16:22",2785,49.99,19.49,65552,1
2786,"2013-01-16 11:32:52",2786,49.99,19.49,65555,1
2787,"2013-01-16 13:50:36",2787,49.99,19.49,65590,1
2788,"2013-01-16 14:19:36",2788,49.99,19.49,65599,1
2789,"2013-01-16 14:20:14",2789,49.99,19.49,65598,1
2790,"2013-01-16 14:51:37",2790,49.99,19.49,65605,1
2791,"2013-01-16 15:43:24",2791,49.99,19.49,65621,1
2792,"2013-01-16 15:43:50",2792,49.99,19.49,65622,1
2793,"2013-01-16 16:20:41",2793,49.99,19.49,65633,1
2794,"2013-01-16 17:14:51",2794,49.99,19.49,65646,1
2795,"2013-01-16 17:47:43",2795,49.99,19.49,65657,1
2796,"2013-01-16 21:00:15",2796,49.99,19.49,65705,1
2797,"2013-01-16 22:23:53",2797,49.99,19.49,65714,1
2798,"2013-01-16 23:15:08",2798,59.99,22.49,65721,2
2799,"2013-01-17 00:17:01",2799,49.99,19.49,65726,1
2800,"2013-01-17 05:58:48",2800,59.99,22.49,65746,2
2801,"2013-01-17 07:33:50",2801,49.99,19.49,65755,1
2802,"2013-01-17 08:46:21",2802,49.99,19.49,65765,1
2803,"2013-01-17 09:36:06",2803,59.99,22.49,65772,2
2804,"2013-01-17 10:36:38",2804,49.99,19.49,65787,1
2805,"2013-01-17 12:17:35",2805,49.99,19.49,65821,1
2806,"2013-01-17 12:47:08",2806,49.99,19.49,65832,1
2807,"2013-01-17 13:00:45",2807,49.99,19.49,65835,1
2808,"2013-01-17 13:10:00",2808,49.99,19.49,65838,1
2809,"2013-01-17 13:40:06",2809,49.99,19.49,65852,1
2810,"2013-01-17 13:54:27",2810,59.99,22.49,65863,2
2811,"2013-01-17 14:46:53",2811,49.99,19.49,65878,1
2812,"2013-01-17 15:46:51",2812,49.99,19.49,65896,1
2813,"2013-01-17 15:49:19",2813,49.99,19.49,65898,1
2814,"2013-01-17 16:41:51",2814,59.99,22.49,65917,2
2815,"2013-01-17 16:47:46",2815,49.99,19.49,65918,1
2816,"2013-01-17 18:00:50",2816,49.99,19.49,65931,1
2817,"2013-01-17 18:35:44",2817,49.99,19.49,65937,1
2818,"2013-01-17 19:26:20",2818,59.99,22.49,65944,2
2819,"2013-01-17 20:00:52",2819,49.99,19.49,65948,1
2820,"2013-01-17 20:54:09",2820,59.99,22.49,65960,2
2821,"2013-01-17 20:56:05",2821,49.99,19.49,65963,1
2822,"2013-01-18 03:24:10",2822,59.99,22.49,65999,2
2823,"2013-01-18 05:43:41",2823,49.99,19.49,66010,1
2824,"2013-01-18 07:33:11",2824,49.99,19.49,66018,1
2825,"2013-01-18 07:58:48",2825,49.99,19.49,66020,1
2826,"2013-01-18 08:04:56",2826,49.99,19.49,66023,1
2827,"2013-01-18 08:57:06",2827,49.99,19.49,66031,1
2828,"2013-01-18 10:33:52",2828,49.99,19.49,66050,1
2829,"2013-01-18 10:50:55",2829,49.99,19.49,66052,1
2830,"2013-01-18 12:31:11",2830,49.99,19.49,66074,1
2831,"2013-01-18 14:33:26",2831,49.99,19.49,66103,1
2832,"2013-01-18 15:07:44",2832,49.99,19.49,66111,1
2833,"2013-01-18 15:10:04",2833,49.99,19.49,66114,1
2834,"2013-01-18 15:42:06",2834,49.99,19.49,66122,1
2835,"2013-01-18 16:55:38",2835,49.99,19.49,66139,1
2836,"2013-01-18 16:59:37",2836,59.99,22.49,66141,2
2837,"2013-01-18 19:06:37",2837,49.99,19.49,66160,1
2838,"2013-01-18 21:00:24",2838,49.99,19.49,66172,1
2839,"2013-01-18 22:49:58",2839,49.99,19.49,66190,1
2840,"2013-01-19 03:31:53",2840,49.99,19.49,66210,1
2841,"2013-01-19 04:49:02",2841,49.99,19.49,66216,1
2842,"2013-01-19 13:12:02",2842,49.99,19.49,66259,1
2843,"2013-01-19 16:32:53",2843,49.99,19.49,66269,1
2844,"2013-01-19 22:49:01",2844,49.99,19.49,66298,1
2845,"2013-01-20 12:22:49",2845,49.99,19.49,66346,1
2846,"2013-01-20 13:53:06",2846,59.99,22.49,66353,2
2847,"2013-01-20 14:11:02",2847,49.99,19.49,66357,1
2848,"2013-01-20 18:48:42",2848,49.99,19.49,66387,1
2849,"2013-01-21 00:30:54",2849,49.99,19.49,66432,1
2850,"2013-01-21 00:40:59",2850,49.99,19.49,66435,1
2851,"2013-01-21 01:20:57",2851,49.99,19.49,66438,1
2852,"2013-01-21 01:53:57",2852,59.99,22.49,66443,2
2853,"2013-01-21 03:38:08",2853,49.99,19.49,66451,1
2854,"2013-01-21 05:41:40",2854,49.99,19.49,66462,1
2855,"2013-01-21 06:51:36",2855,49.99,19.49,66465,1
2856,"2013-01-21 10:23:35",2856,59.99,22.49,66500,2
2857,"2013-01-21 12:23:41",2857,49.99,19.49,66540,1
2858,"2013-01-21 13:38:39",2858,49.99,19.49,66566,1
2859,"2013-01-21 16:09:58",2859,49.99,19.49,66604,1
2860,"2013-01-21 18:12:01",2860,49.99,19.49,66640,1
2861,"2013-01-21 22:36:52",2861,49.99,19.49,66673,1
2862,"2013-01-22 04:30:13",2862,49.99,19.49,66699,1
2863,"2013-01-22 08:51:08",2863,59.99,22.49,66721,2
2864,"2013-01-22 09:16:46",2864,49.99,19.49,66725,1
2865,"2013-01-22 09:28:28",2865,49.99,19.49,66728,1
2866,"2013-01-22 12:56:11",2866,49.99,19.49,66785,1
2867,"2013-01-22 13:36:40",2867,49.99,19.49,66794,1
2868,"2013-01-22 13:37:15",2868,49.99,19.49,66800,1
2869,"2013-01-22 14:07:18",2869,49.99,19.49,66803,1
2870,"2013-01-22 14:40:44",2870,49.99,19.49,66817,1
2871,"2013-01-22 14:51:48",2871,49.99,19.49,66824,1
2872,"2013-01-22 15:49:01",2872,49.99,19.49,66840,1
2873,"2013-01-22 17:06:08",2873,49.99,19.49,66858,1
2874,"2013-01-22 19:58:15",2874,49.99,19.49,66892,1
2875,"2013-01-23 04:14:56",2875,49.99,19.49,66936,1
2876,"2013-01-23 05:47:34",2876,49.99,19.49,66943,1
2877,"2013-01-23 09:15:43",2877,59.99,22.49,66971,2
2878,"2013-01-23 11:05:52",2878,59.99,22.49,67012,2
2879,"2013-01-23 11:29:02",2879,49.99,19.49,67024,1
2880,"2013-01-23 12:39:09",2880,49.99,19.49,67038,1
2881,"2013-01-23 14:18:50",2881,49.99,19.49,67068,1
2882,"2013-01-23 16:47:32",2882,49.99,19.49,67112,1
2883,"2013-01-23 20:53:11",2883,59.99,22.49,67168,2
2884,"2013-01-23 21:14:49",2884,49.99,19.49,67171,1
2885,"2013-01-24 00:15:41",2885,49.99,19.49,67194,1
2886,"2013-01-24 01:05:41",2886,49.99,19.49,67200,1
2887,"2013-01-24 03:27:46",2887,49.99,19.49,67210,1
2888,"2013-01-24 08:27:32",2888,49.99,19.49,67235,1
2889,"2013-01-24 11:16:02",2889,49.99,19.49,67264,1
2890,"2013-01-24 11:39:24",2890,59.99,22.49,67276,2
2891,"2013-01-24 12:03:26",2891,49.99,19.49,67290,1
2892,"2013-01-24 12:10:55",2892,49.99,19.49,67289,1
2893,"2013-01-24 13:44:54",2893,49.99,19.49,67316,1
2894,"2013-01-24 17:11:06",2894,49.99,19.49,67372,1
2895,"2013-01-24 17:12:47",2895,49.99,19.49,67376,1
2896,"2013-01-24 18:02:07",2896,49.99,19.49,67388,1
2897,"2013-01-24 18:58:22",2897,49.99,19.49,67398,1
2898,"2013-01-24 20:20:04",2898,49.99,19.49,67413,1
2899,"2013-01-24 20:49:32",2899,49.99,19.49,67415,1
2900,"2013-01-24 23:26:12",2900,49.99,19.49,67444,1
2901,"2013-01-24 23:36:20",2901,49.99,19.49,67443,1
2902,"2013-01-25 01:55:42",2902,49.99,19.49,67458,1
2903,"2013-01-25 05:37:24",2903,49.99,19.49,67468,1
2904,"2013-01-25 09:33:09",2904,49.99,19.49,67494,1
2905,"2013-01-25 09:39:04",2905,49.99,19.49,67496,1
2906,"2013-01-25 10:42:43",2906,49.99,19.49,67512,1
2907,"2013-01-25 12:49:38",2907,49.99,19.49,67553,1
2908,"2013-01-25 13:17:16",2908,49.99,19.49,67562,1
2909,"2013-01-25 13:39:31",2909,49.99,19.49,67568,1
2910,"2013-01-25 14:41:07",2910,59.99,22.49,67590,2
2911,"2013-01-25 17:05:43",2911,49.99,19.49,67620,1
2912,"2013-01-25 18:06:35",2912,49.99,19.49,67633,1
2913,"2013-01-25 20:48:37",2913,49.99,19.49,67656,1
2914,"2013-01-26 00:17:39",2914,49.99,19.49,67683,1
2915,"2013-01-26 01:50:49",2915,49.99,19.49,67685,1
2916,"2013-01-26 05:56:41",2916,49.99,19.49,67699,1
2917,"2013-01-26 09:19:07",2917,49.99,19.49,67709,1
2918,"2013-01-26 10:34:46",2918,49.99,19.49,67715,1
2919,"2013-01-26 15:18:51",2919,49.99,19.49,67745,1
2920,"2013-01-26 18:11:41",2920,49.99,19.49,67763,1
2921,"2013-01-26 22:18:09",2921,49.99,19.49,67786,1
2922,"2013-01-26 22:18:19",2922,49.99,19.49,67785,1
2923,"2013-01-27 02:49:59",2923,49.99,19.49,67801,1
2924,"2013-01-27 04:47:40",2924,49.99,19.49,67803,1
2925,"2013-01-27 06:45:49",2925,49.99,19.49,67805,1
2926,"2013-01-27 10:12:33",2926,49.99,19.49,67821,1
2927,"2013-01-27 11:20:12",2927,49.99,19.49,67828,1
2928,"2013-01-27 13:38:18",2928,49.99,19.49,67841,1
2929,"2013-01-27 19:38:45",2929,49.99,19.49,67882,1
2930,"2013-01-27 21:54:27",2930,49.99,19.49,67891,1
2931,"2013-01-27 23:38:03",2931,49.99,19.49,67902,1
2932,"2013-01-28 09:47:35",2932,49.99,19.49,67955,1
2933,"2013-01-28 10:10:05",2933,49.99,19.49,67957,1
2934,"2013-01-28 13:32:23",2934,49.99,19.49,68007,1
2935,"2013-01-28 14:14:50",2935,49.99,19.49,68019,1
2936,"2013-01-28 16:31:49",2936,49.99,19.49,68047,1
2937,"2013-01-28 16:33:41",2937,59.99,22.49,68048,2
2938,"2013-01-28 16:55:53",2938,49.99,19.49,68051,1
2939,"2013-01-28 18:40:31",2939,49.99,19.49,68080,1
2940,"2013-01-28 18:41:02",2940,59.99,22.49,68079,2
2941,"2013-01-28 18:42:21",2941,59.99,22.49,68078,2
2942,"2013-01-28 23:13:10",2942,49.99,19.49,68111,1
2943,"2013-01-29 03:34:36",2943,49.99,19.49,68131,1
2944,"2013-01-29 05:56:55",2944,49.99,19.49,68140,1
2945,"2013-01-29 06:47:10",2945,49.99,19.49,68143,1
2946,"2013-01-29 10:09:14",2946,59.99,22.49,68185,2
2947,"2013-01-29 11:26:56",2947,49.99,19.49,68207,1
2948,"2013-01-29 13:41:25",2948,49.99,19.49,68250,1
2949,"2013-01-29 14:52:46",2949,59.99,22.49,68267,2
2950,"2013-01-29 15:37:21",2950,49.99,19.49,68276,1
2951,"2013-01-29 15:56:14",2951,49.99,19.49,68284,1
2952,"2013-01-29 21:26:26",2952,49.99,19.49,68331,1
2953,"2013-01-29 23:06:24",2953,49.99,19.49,68345,1
2954,"2013-01-30 09:23:34",2954,59.99,22.49,68402,2
2955,"2013-01-30 09:55:32",2955,49.99,19.49,68411,1
2956,"2013-01-30 10:14:22",2956,49.99,19.49,68412,1
2957,"2013-01-30 10:30:35",2957,49.99,19.49,68421,1
2958,"2013-01-30 12:31:08",2958,49.99,19.49,68461,1
2959,"2013-01-30 13:10:19",2959,49.99,19.49,68478,1
2960,"2013-01-30 14:07:46",2960,49.99,19.49,68494,1
2961,"2013-01-30 15:47:16",2961,49.99,19.49,68527,1
2962,"2013-01-30 16:39:16",2962,49.99,19.49,68546,1
2963,"2013-01-30 16:52:20",2963,49.99,19.49,68549,1
2964,"2013-01-30 17:45:48",2964,49.99,19.49,68559,1
2965,"2013-01-30 18:09:52",2965,49.99,19.49,68570,1
2966,"2013-01-31 01:49:58",2966,49.99,19.49,68632,1
2967,"2013-01-31 03:01:23",2967,49.99,19.49,68638,1
2968,"2013-01-31 11:26:29",2968,49.99,19.49,68696,1
2969,"2013-01-31 12:44:23",2969,59.99,22.49,68719,2
2970,"2013-01-31 14:38:25",2970,49.99,19.49,68751,1
2971,"2013-01-31 14:43:00",2971,49.99,19.49,68752,1
2972,"2013-01-31 16:48:49",2972,49.99,19.49,68791,1
2973,"2013-01-31 17:42:08",2973,59.99,22.49,68803,2
2974,"2013-01-31 18:38:14",2974,49.99,19.49,68826,1
2975,"2013-01-31 20:30:22",2975,49.99,19.49,68847,1
2976,"2013-01-31 20:42:42",2976,49.99,19.49,68850,1
2977,"2013-02-01 00:01:38",2977,49.99,19.49,68870,1
2978,"2013-02-01 09:08:05",2978,49.99,19.49,68907,1
2979,"2013-02-01 09:20:28",2979,49.99,19.49,68915,1
2980,"2013-02-01 10:28:57",2980,49.99,19.49,68924,1
2981,"2013-02-01 10:37:51",2981,59.99,22.49,68927,2
2982,"2013-02-01 10:39:14",2982,49.99,19.49,68926,1
2983,"2013-02-01 12:25:18",2983,49.99,19.49,68951,1
2984,"2013-02-01 16:32:55",2984,49.99,19.49,69002,1
2985,"2013-02-01 16:48:34",2985,49.99,19.49,69005,1
2986,"2013-02-01 16:55:34",2986,49.99,19.49,69008,1
2987,"2013-02-01 17:27:10",2987,49.99,19.49,69012,1
2988,"2013-02-01 18:37:43",2988,49.99,19.49,69029,1
2989,"2013-02-01 20:29:02",2989,49.99,19.49,69036,1
2990,"2013-02-01 21:32:17",2990,49.99,19.49,69042,1
2991,"2013-02-01 22:27:13",2991,59.99,22.49,69049,2
2992,"2013-02-01 22:53:17",2992,49.99,19.49,69053,1
2993,"2013-02-01 23:48:38",2993,49.99,19.49,69057,1
2994,"2013-02-02 01:37:53",2994,49.99,19.49,69065,1
2995,"2013-02-02 06:32:59",2995,49.99,19.49,69077,1
2996,"2013-02-02 08:04:00",2996,49.99,19.49,69083,1
2997,"2013-02-02 19:44:51",2997,49.99,19.49,69157,1
2998,"2013-02-02 19:47:17",2998,59.99,22.49,69156,2
2999,"2013-02-03 05:20:25",2999,49.99,19.49,69191,1
3000,"2013-02-03 17:03:23",3000,49.99,19.49,69239,1
3001,"2013-02-03 17:18:21",3001,49.99,19.49,69243,1
3002,"2013-02-03 17:42:49",3002,49.99,19.49,69249,1
3003,"2013-02-03 21:35:05",3003,49.99,19.49,69267,1
3004,"2013-02-03 23:26:35",3004,59.99,22.49,69277,2
3005,"2013-02-03 23:50:09",3005,49.99,19.49,69279,1
3006,"2013-02-04 01:40:13",3006,49.99,19.49,69290,1
3007,"2013-02-04 02:45:47",3007,49.99,19.49,69296,1
3008,"2013-02-04 08:45:48",3008,49.99,19.49,69336,1
3009,"2013-02-04 10:24:15",3009,49.99,19.49,69359,1
3010,"2013-02-04 10:59:31",3010,49.99,19.49,69367,1
3011,"2013-02-04 11:45:34",3011,49.99,19.49,69374,1
3012,"2013-02-04 12:29:47",3012,59.99,22.49,69392,2
3013,"2013-02-04 12:34:37",3013,49.99,19.49,69387,1
3014,"2013-02-04 14:30:22",3014,49.99,19.49,69416,1
3015,"2013-02-04 14:45:24",3015,49.99,19.49,69419,1
3016,"2013-02-04 15:09:27",3016,49.99,19.49,69430,1
3017,"2013-02-04 16:59:44",3017,49.99,19.49,69447,1
3018,"2013-02-04 17:32:47",3018,49.99,19.49,69449,1
3019,"2013-02-04 19:57:44",3019,49.99,19.49,69480,1
3020,"2013-02-04 23:02:45",3020,49.99,19.49,69503,1
3021,"2013-02-05 03:02:41",3021,59.99,22.49,69515,2
3022,"2013-02-05 04:28:12",3022,59.99,22.49,69523,2
3023,"2013-02-05 07:58:46",3023,49.99,19.49,69533,1
3024,"2013-02-05 09:14:37",3024,49.99,19.49,69544,1
3025,"2013-02-05 09:23:02",3025,49.99,19.49,69546,1
3026,"2013-02-05 09:48:47",3026,59.99,22.49,69554,2
3027,"2013-02-05 10:00:50",3027,49.99,19.49,69558,1
3028,"2013-02-05 12:21:22",3028,59.99,22.49,69595,2
3029,"2013-02-05 12:23:42",3029,49.99,19.49,69594,1
3030,"2013-02-05 13:03:54",3030,49.99,19.49,69608,1
3031,"2013-02-05 14:18:19",3031,49.99,19.49,69623,1
3032,"2013-02-05 14:26:57",3032,59.99,22.49,69624,2
3033,"2013-02-05 15:15:13",3033,49.99,19.49,69635,1
3034,"2013-02-05 18:10:10",3034,49.99,19.49,69686,1
3035,"2013-02-06 05:16:32",3035,49.99,19.49,69752,1
3036,"2013-02-06 12:40:00",3036,49.99,19.49,69827,1
3037,"2013-02-06 13:37:11",3037,49.99,19.49,69848,1
3038,"2013-02-06 14:14:02",3038,49.99,19.49,69857,1
3039,"2013-02-06 15:31:47",3039,49.99,19.49,69878,1
3040,"2013-02-06 16:14:32",3040,49.99,19.49,69891,1
3041,"2013-02-06 16:31:14",3041,49.99,19.49,69894,1
3042,"2013-02-06 16:45:54",3042,49.99,19.49,69901,1
3043,"2013-02-06 17:56:59",3043,59.99,22.49,69912,2
3044,"2013-02-06 17:58:35",3044,49.99,19.49,69911,1
3045,"2013-02-06 18:45:42",3045,49.99,19.49,69921,1
3046,"2013-02-06 20:23:12",3046,49.99,19.49,69934,1
3047,"2013-02-07 00:10:27",3047,49.99,19.49,69967,1
3048,"2013-02-07 03:32:09",3048,49.99,19.49,69985,1
3049,"2013-02-07 04:12:48",3049,49.99,19.49,69988,1
3050,"2013-02-07 04:18:50",3050,49.99,19.49,69989,1
3051,"2013-02-07 04:59:28",3051,59.99,22.49,69993,2
3052,"2013-02-07 08:46:11",3052,49.99,19.49,70005,1
3053,"2013-02-07 09:33:49",3053,49.99,19.49,70015,1
3054,"2013-02-07 09:38:48",3054,49.99,19.49,70016,1
3055,"2013-02-07 09:51:46",3055,49.99,19.49,70017,1
3056,"2013-02-07 10:28:33",3056,49.99,19.49,70025,1
3057,"2013-02-07 10:57:52",3057,49.99,19.49,70030,1
3058,"2013-02-07 11:05:34",3058,49.99,19.49,70033,1
3059,"2013-02-07 11:07:45",3059,49.99,19.49,70034,1
3060,"2013-02-07 13:50:38",3060,49.99,19.49,70079,1
3061,"2013-02-07 14:03:59",3061,49.99,19.49,70083,1
3062,"2013-02-07 15:58:10",3062,49.99,19.49,70112,1
3063,"2013-02-07 17:41:26",3063,49.99,19.49,70142,1
3064,"2013-02-07 20:15:45",3064,49.99,19.49,70169,1
3065,"2013-02-07 21:38:34",3065,49.99,19.49,70187,1
3066,"2013-02-08 00:12:48",3066,49.99,19.49,70205,1
3067,"2013-02-08 01:50:45",3067,49.99,19.49,70215,1
3068,"2013-02-08 09:27:03",3068,49.99,19.49,70251,1
3069,"2013-02-08 09:59:40",3069,49.99,19.49,70256,1
3070,"2013-02-08 10:58:38",3070,49.99,19.49,70268,1
3071,"2013-02-08 11:49:40",3071,49.99,19.49,70281,1
3072,"2013-02-08 11:53:33",3072,59.99,22.49,70283,2
3073,"2013-02-08 13:34:01",3073,49.99,19.49,70301,1
3074,"2013-02-08 14:00:59",3074,49.99,19.49,70304,1
3075,"2013-02-08 16:42:41",3075,49.99,19.49,70339,1
3076,"2013-02-08 19:48:00",3076,49.99,19.49,70375,1
3077,"2013-02-08 20:33:10",3077,49.99,19.49,70381,1
3078,"2013-02-08 20:58:57",3078,49.99,19.49,70384,1
3079,"2013-02-08 22:01:58",3079,49.99,19.49,70392,1
3080,"2013-02-08 22:50:46",3080,49.99,19.49,70395,1
3081,"2013-02-09 01:16:05",3081,49.99,19.49,70411,1
3082,"2013-02-09 12:05:57",3082,59.99,22.49,70447,2
3083,"2013-02-09 15:40:22",3083,49.99,19.49,70473,1
3084,"2013-02-10 00:10:03",3084,49.99,19.49,70510,1
3085,"2013-02-10 01:27:46",3085,59.99,22.49,70520,2
3086,"2013-02-10 04:50:00",3086,59.99,22.49,70544,2
3087,"2013-02-10 05:25:30",3087,59.99,22.49,70550,2
3088,"2013-02-10 11:05:15",3088,59.99,22.49,70601,2
3089,"2013-02-10 11:23:34",3089,59.99,22.49,70602,2
3090,"2013-02-10 11:55:52",3090,59.99,22.49,70610,2
3091,"2013-02-10 12:51:44",3091,59.99,22.49,70616,2
3092,"2013-02-10 14:59:48",3092,59.99,22.49,70641,2
3093,"2013-02-10 17:15:44",3093,59.99,22.49,70672,2
3094,"2013-02-10 18:35:28",3094,49.99,19.49,70687,1
3095,"2013-02-10 18:57:38",3095,59.99,22.49,70697,2
3096,"2013-02-10 20:09:46",3096,59.99,22.49,70705,2
3097,"2013-02-10 21:00:36",3097,59.99,22.49,70715,2
3098,"2013-02-10 22:18:25",3098,59.99,22.49,70733,2
3099,"2013-02-10 22:25:14",3099,49.99,19.49,70734,1
3100,"2013-02-10 23:19:47",3100,59.99,22.49,70746,2
3101,"2013-02-11 00:14:08",3101,59.99,22.49,70754,2
3102,"2013-02-11 00:38:27",3102,59.99,22.49,70758,2
3103,"2013-02-11 01:15:58",3103,59.99,22.49,70763,2
3104,"2013-02-11 01:21:24",3104,59.99,22.49,70764,2
3105,"2013-02-11 02:59:17",3105,59.99,22.49,70783,2
3106,"2013-02-11 03:22:00",3106,49.99,19.49,70788,1
3107,"2013-02-11 04:01:37",3107,59.99,22.49,70797,2
3108,"2013-02-11 04:43:48",3108,59.99,22.49,70802,2
3109,"2013-02-11 05:03:31",3109,49.99,19.49,70805,1
3110,"2013-02-11 05:12:55",3110,49.99,19.49,70809,1
3111,"2013-02-11 05:35:43",3111,59.99,22.49,70814,2
3112,"2013-02-11 06:10:41",3112,49.99,19.49,70823,1
3113,"2013-02-11 06:18:10",3113,49.99,19.49,70824,1
3114,"2013-02-11 06:34:26",3114,59.99,22.49,70827,2
3115,"2013-02-11 08:36:12",3115,59.99,22.49,70856,2
3116,"2013-02-11 10:04:01",3116,59.99,22.49,70879,2
3117,"2013-02-11 10:39:52",3117,59.99,22.49,70893,2
3118,"2013-02-11 11:11:35",3118,49.99,19.49,70917,1
3119,"2013-02-11 11:20:31",3119,49.99,19.49,70919,1
3120,"2013-02-11 12:18:32",3120,59.99,22.49,70949,2
3121,"2013-02-11 12:28:36",3121,59.99,22.49,70964,2
3122,"2013-02-11 12:48:12",3122,49.99,19.49,70974,1
3123,"2013-02-11 13:59:37",3123,49.99,19.49,71014,1
3124,"2013-02-11 14:25:45",3124,49.99,19.49,71028,1
3125,"2013-02-11 15:44:03",3125,49.99,19.49,71065,1
3126,"2013-02-11 16:10:10",3126,49.99,19.49,71078,1
3127,"2013-02-11 16:13:19",3127,59.99,22.49,71077,2
3128,"2013-02-11 16:19:54",3128,59.99,22.49,71083,2
3129,"2013-02-11 17:23:19",3129,59.99,22.49,71121,2
3130,"2013-02-11 17:34:54",3130,59.99,22.49,71125,2
3131,"2013-02-11 17:44:09",3131,59.99,22.49,71130,2
3132,"2013-02-11 18:17:59",3132,59.99,22.49,71148,2
3133,"2013-02-11 19:01:22",3133,59.99,22.49,71169,2
3134,"2013-02-11 19:14:58",3134,59.99,22.49,71180,2
3135,"2013-02-11 19:22:13",3135,49.99,19.49,71184,1
3136,"2013-02-11 19:23:02",3136,59.99,22.49,71182,2
3137,"2013-02-11 19:53:39",3137,59.99,22.49,71193,2
3138,"2013-02-11 20:48:52",3138,59.99,22.49,71225,2
3139,"2013-02-11 20:51:15",3139,59.99,22.49,71224,2
3140,"2013-02-11 21:02:51",3140,49.99,19.49,71228,1
3141,"2013-02-11 22:35:42",3141,49.99,19.49,71249,1
3142,"2013-02-12 02:37:51",3142,59.99,22.49,71301,2
3143,"2013-02-12 07:05:14",3143,59.99,22.49,71342,2
3144,"2013-02-12 07:37:18",3144,59.99,22.49,71349,2
3145,"2013-02-12 09:35:25",3145,49.99,19.49,71379,1
3146,"2013-02-12 09:41:40",3146,59.99,22.49,71383,2
3147,"2013-02-12 10:01:52",3147,59.99,22.49,71395,2
3148,"2013-02-12 10:15:32",3148,59.99,22.49,71400,2
3149,"2013-02-12 11:25:20",3149,59.99,22.49,71427,2
3150,"2013-02-12 11:26:07",3150,49.99,19.49,71428,1
3151,"2013-02-12 11:46:23",3151,59.99,22.49,71441,2
3152,"2013-02-12 12:33:42",3152,59.99,22.49,71473,2
3153,"2013-02-12 12:34:04",3153,49.99,19.49,71481,1
3154,"2013-02-12 12:49:07",3154,59.99,22.49,71489,2
3155,"2013-02-12 12:51:18",3155,49.99,19.49,71497,1
3156,"2013-02-12 13:30:29",3156,59.99,22.49,71515,2
3157,"2013-02-12 13:30:35",3157,59.99,22.49,71512,2
3158,"2013-02-12 13:46:36",3158,49.99,19.49,71517,1
3159,"2013-02-12 13:56:11",3159,59.99,22.49,71524,2
3160,"2013-02-12 14:01:54",3160,49.99,19.49,71529,1
3161,"2013-02-12 14:20:03",3161,59.99,22.49,71540,2
3162,"2013-02-12 14:24:35",3162,49.99,19.49,71543,1
3163,"2013-02-12 15:56:37",3163,59.99,22.49,71594,2
3164,"2013-02-12 16:11:37",3164,59.99,22.49,71609,2
3165,"2013-02-12 16:21:53",3165,59.99,22.49,71614,2
3166,"2013-02-12 16:22:49",3166,59.99,22.49,71613,2
3167,"2013-02-12 16:39:09",3167,59.99,22.49,71619,2
3168,"2013-02-12 16:49:20",3168,49.99,19.49,71625,1
3169,"2013-02-12 17:17:22",3169,49.99,19.49,71645,1
3170,"2013-02-12 18:17:56",3170,49.99,19.49,71667,1
3171,"2013-02-12 19:06:49",3171,59.99,22.49,71689,2
3172,"2013-02-12 19:17:28",3172,59.99,22.49,71694,2
3173,"2013-02-12 20:05:56",3173,49.99,19.49,71714,1
3174,"2013-02-12 20:46:12",3174,59.99,22.49,71727,2
3175,"2013-02-12 21:22:06",3175,59.99,22.49,71742,2
3176,"2013-02-12 21:29:06",3176,49.99,19.49,71748,1
3177,"2013-02-12 21:44:28",3177,59.99,22.49,71751,2
3178,"2013-02-12 21:47:26",3178,49.99,19.49,71754,1
3179,"2013-02-13 00:32:50",3179,59.99,22.49,71797,2
3180,"2013-02-13 01:13:04",3180,49.99,19.49,71811,1
3181,"2013-02-13 03:41:43",3181,59.99,22.49,71836,2
3182,"2013-02-13 07:20:04",3182,59.99,22.49,71857,2
3183,"2013-02-13 07:27:16",3183,49.99,19.49,71858,1
3184,"2013-02-13 08:44:36",3184,59.99,22.49,71874,2
3185,"2013-02-13 09:29:26",3185,59.99,22.49,71896,2
3186,"2013-02-13 09:50:12",3186,59.99,22.49,71911,2
3187,"2013-02-13 09:53:58",3187,59.99,22.49,71910,2
3188,"2013-02-13 10:16:30",3188,59.99,22.49,71921,2
3189,"2013-02-13 11:13:54",3189,59.99,22.49,71950,2
3190,"2013-02-13 12:34:47",3190,59.99,22.49,71996,2
3191,"2013-02-13 12:41:04",3191,59.99,22.49,71998,2
3192,"2013-02-13 12:43:21",3192,59.99,22.49,72003,2
3193,"2013-02-13 12:44:11",3193,59.99,22.49,72004,2
3194,"2013-02-13 13:16:47",3194,59.99,22.49,72020,2
3195,"2013-02-13 13:38:46",3195,59.99,22.49,72027,2
3196,"2013-02-13 14:49:13",3196,49.99,19.49,72066,1
3197,"2013-02-13 14:52:17",3197,49.99,19.49,72068,1
3198,"2013-02-13 14:52:49",3198,49.99,19.49,72073,1
3199,"2013-02-13 15:19:54",3199,49.99,19.49,72080,1
3200,"2013-02-13 15:23:47",3200,49.99,19.49,72088,1
3201,"2013-02-13 15:44:41",3201,49.99,19.49,72101,1
3202,"2013-02-13 15:49:08",3202,49.99,19.49,72107,1
3203,"2013-02-13 16:07:46",3203,59.99,22.49,72111,2
3204,"2013-02-13 16:19:10",3204,59.99,22.49,72116,2
3205,"2013-02-13 17:04:25",3205,49.99,19.49,72147,1
3206,"2013-02-13 17:50:39",3206,59.99,22.49,72170,2
3207,"2013-02-13 19:43:11",3207,49.99,19.49,72229,1
3208,"2013-02-13 20:49:56",3208,49.99,19.49,72244,1
3209,"2013-02-13 21:34:48",3209,59.99,22.49,72262,2
3210,"2013-02-13 21:53:51",3210,59.99,22.49,72266,2
3211,"2013-02-13 22:06:12",3211,59.99,22.49,72268,2
3212,"2013-02-13 22:09:09",3212,59.99,22.49,72273,2
3213,"2013-02-13 23:20:20",3213,59.99,22.49,72292,2
3214,"2013-02-14 00:13:23",3214,59.99,22.49,72304,2
3215,"2013-02-14 00:19:59",3215,49.99,19.49,72308,1
3216,"2013-02-14 01:18:11",3216,59.99,22.49,72320,2
3217,"2013-02-14 03:32:57",3217,59.99,22.49,72337,2
3218,"2013-02-14 06:42:32",3218,59.99,22.49,72364,2
3219,"2013-02-14 07:30:47",3219,59.99,22.49,72378,2
3220,"2013-02-14 09:56:09",3220,59.99,22.49,72429,2
3221,"2013-02-14 10:15:53",3221,59.99,22.49,72444,2
3222,"2013-02-14 10:37:46",3222,49.99,19.49,72454,1
3223,"2013-02-14 10:53:23",3223,59.99,22.49,72460,2
3224,"2013-02-14 11:27:50",3224,49.99,19.49,72482,1
3225,"2013-02-14 11:44:16",3225,59.99,22.49,72496,2
3226,"2013-02-14 12:51:47",3226,59.99,22.49,72532,2
3227,"2013-02-14 13:10:16",3227,59.99,22.49,72542,2
3228,"2013-02-14 13:32:23",3228,59.99,22.49,72560,2
3229,"2013-02-14 14:22:07",3229,49.99,19.49,72589,1
3230,"2013-02-14 14:40:02",3230,59.99,22.49,72603,2
3231,"2013-02-14 14:41:20",3231,59.99,22.49,72604,2
3232,"2013-02-14 14:51:41",3232,59.99,22.49,72614,2
3233,"2013-02-14 14:54:59",3233,49.99,19.49,72619,1
3234,"2013-02-14 15:00:14",3234,59.99,22.49,72620,2
3235,"2013-02-14 15:01:22",3235,59.99,22.49,72615,2
3236,"2013-02-14 15:20:47",3236,59.99,22.49,72629,2
3237,"2013-02-14 15:39:40",3237,59.99,22.49,72636,2
3238,"2013-02-14 16:38:42",3238,49.99,19.49,72679,1
3239,"2013-02-14 16:44:29",3239,59.99,22.49,72680,2
3240,"2013-02-14 17:03:40",3240,49.99,19.49,72703,1
3241,"2013-02-14 17:16:25",3241,49.99,19.49,72709,1
3242,"2013-02-14 17:29:09",3242,59.99,22.49,72714,2
3243,"2013-02-14 18:34:09",3243,59.99,22.49,72742,2
3244,"2013-02-14 18:57:27",3244,59.99,22.49,72748,2
3245,"2013-02-14 19:01:28",3245,59.99,22.49,72752,2
3246,"2013-02-14 19:32:29",3246,49.99,19.49,72763,1
3247,"2013-02-14 19:38:38",3247,49.99,19.49,72766,1
3248,"2013-02-14 20:11:35",3248,59.99,22.49,72778,2
3249,"2013-02-14 20:50:00",3249,59.99,22.49,72787,2
3250,"2013-02-14 21:21:20",3250,59.99,22.49,72793,2
3251,"2013-02-14 22:37:14",3251,49.99,19.49,72812,1
3252,"2013-02-15 00:26:51",3252,49.99,19.49,72839,1
3253,"2013-02-15 03:18:41",3253,49.99,19.49,72867,1
3254,"2013-02-15 04:41:41",3254,49.99,19.49,72880,1
3255,"2013-02-15 06:23:42",3255,49.99,19.49,72893,1
3256,"2013-02-15 08:03:33",3256,49.99,19.49,72919,1
3257,"2013-02-15 09:35:02",3257,49.99,19.49,72947,1
3258,"2013-02-15 11:35:08",3258,49.99,19.49,73006,1
3259,"2013-02-15 11:48:58",3259,49.99,19.49,73020,1
3260,"2013-02-15 12:27:24",3260,49.99,19.49,73047,1
3261,"2013-02-15 12:28:44",3261,59.99,22.49,73050,2
3262,"2013-02-15 13:01:49",3262,49.99,19.49,73063,1
3263,"2013-02-15 13:18:25",3263,49.99,19.49,73077,1
3264,"2013-02-15 14:26:20",3264,49.99,19.49,73114,1
3265,"2013-02-15 14:27:37",3265,49.99,19.49,73115,1
3266,"2013-02-15 15:12:38",3266,59.99,22.49,73135,2
3267,"2013-02-15 16:05:44",3267,59.99,22.49,73175,2
3268,"2013-02-15 16:22:50",3268,49.99,19.49,73189,1
3269,"2013-02-15 18:42:26",3269,49.99,19.49,73255,1
3270,"2013-02-15 18:45:43",3270,59.99,22.49,73254,2
3271,"2013-02-15 19:03:31",3271,59.99,22.49,73260,2
3272,"2013-02-15 19:32:43",3272,49.99,19.49,73271,1
3273,"2013-02-15 20:21:15",3273,49.99,19.49,73288,1
3274,"2013-02-16 00:50:52",3274,49.99,19.49,73343,1
3275,"2013-02-16 00:56:06",3275,49.99,19.49,73345,1
3276,"2013-02-16 01:23:47",3276,59.99,22.49,73353,2
3277,"2013-02-16 02:32:17",3277,49.99,19.49,73362,1
3278,"2013-02-16 06:23:41",3278,49.99,19.49,73384,1
3279,"2013-02-16 13:09:28",3279,49.99,19.49,73452,1
3280,"2013-02-16 14:22:14",3280,49.99,19.49,73478,1
3281,"2013-02-16 14:24:01",3281,59.99,22.49,73473,2
3282,"2013-02-16 14:25:58",3282,49.99,19.49,73476,1
3283,"2013-02-16 15:35:04",3283,59.99,22.49,73493,2
3284,"2013-02-16 16:06:12",3284,59.99,22.49,73500,2
3285,"2013-02-16 17:05:39",3285,49.99,19.49,73513,1
3286,"2013-02-16 17:08:06",3286,49.99,19.49,73511,1
3287,"2013-02-16 19:03:10",3287,49.99,19.49,73536,1
3288,"2013-02-16 21:44:25",3288,49.99,19.49,73561,1
3289,"2013-02-16 22:23:49",3289,49.99,19.49,73565,1
3290,"2013-02-16 23:30:40",3290,49.99,19.49,73578,1
3291,"2013-02-16 23:31:21",3291,49.99,19.49,73579,1
3292,"2013-02-17 00:35:13",3292,49.99,19.49,73590,1
3293,"2013-02-17 01:13:17",3293,49.99,19.49,73594,1
3294,"2013-02-17 01:34:14",3294,49.99,19.49,73597,1
3295,"2013-02-17 04:36:30",3295,49.99,19.49,73603,1
3296,"2013-02-17 10:43:33",3296,49.99,19.49,73626,1
3297,"2013-02-17 19:58:52",3297,49.99,19.49,73669,1
3298,"2013-02-17 21:02:53",3298,49.99,19.49,73677,1
3299,"2013-02-17 21:03:16",3299,59.99,22.49,73676,2
3300,"2013-02-17 21:31:56",3300,49.99,19.49,73682,1
3301,"2013-02-18 01:36:14",3301,49.99,19.49,73706,1
3302,"2013-02-18 01:48:33",3302,49.99,19.49,73709,1
3303,"2013-02-18 07:22:06",3303,49.99,19.49,73728,1
3304,"2013-02-18 07:59:22",3304,49.99,19.49,73735,1
3305,"2013-02-18 12:24:49",3305,49.99,19.49,73788,1
3306,"2013-02-18 13:09:14",3306,49.99,19.49,73792,1
3307,"2013-02-18 14:45:57",3307,59.99,22.49,73819,2
3308,"2013-02-18 15:04:22",3308,49.99,19.49,73823,1
3309,"2013-02-18 15:41:57",3309,59.99,22.49,73830,2
3310,"2013-02-18 17:01:28",3310,49.99,19.49,73845,1
3311,"2013-02-18 17:47:22",3311,49.99,19.49,73858,1
3312,"2013-02-18 18:17:11",3312,49.99,19.49,73866,1
3313,"2013-02-18 23:16:39",3313,49.99,19.49,73900,1
3314,"2013-02-18 23:35:44",3314,49.99,19.49,73904,1
3315,"2013-02-19 00:15:30",3315,49.99,19.49,73908,1
3316,"2013-02-19 05:46:28",3316,49.99,19.49,73927,1
3317,"2013-02-19 07:32:19",3317,49.99,19.49,73936,1
3318,"2013-02-19 11:13:40",3318,49.99,19.49,73984,1
3319,"2013-02-19 12:53:58",3319,49.99,19.49,74004,1
3320,"2013-02-19 12:54:25",3320,49.99,19.49,74006,1
3321,"2013-02-19 13:22:00",3321,49.99,19.49,74010,1
3322,"2013-02-19 13:44:22",3322,49.99,19.49,74021,1
3323,"2013-02-19 15:20:57",3323,59.99,22.49,74045,2
3324,"2013-02-19 15:29:24",3324,49.99,19.49,74048,1
3325,"2013-02-19 16:10:37",3325,59.99,22.49,74058,2
3326,"2013-02-19 16:27:05",3326,49.99,19.49,74064,1
3327,"2013-02-19 16:38:31",3327,49.99,19.49,74067,1
3328,"2013-02-19 16:56:52",3328,49.99,19.49,74071,1
3329,"2013-02-19 22:05:26",3329,49.99,19.49,74131,1
3330,"2013-02-19 23:26:27",3330,49.99,19.49,74143,1
3331,"2013-02-20 01:43:17",3331,49.99,19.49,74156,1
3332,"2013-02-20 06:25:29",3332,49.99,19.49,74177,1
3333,"2013-02-20 08:07:13",3333,49.99,19.49,74180,1
3334,"2013-02-20 08:29:37",3334,49.99,19.49,74187,1
3335,"2013-02-20 09:02:40",3335,49.99,19.49,74193,1
3336,"2013-02-20 09:18:11",3336,49.99,19.49,74199,1
3337,"2013-02-20 11:24:35",3337,49.99,19.49,74227,1
3338,"2013-02-20 11:26:31",3338,59.99,22.49,74235,2
3339,"2013-02-20 14:03:31",3339,49.99,19.49,74281,1
3340,"2013-02-20 15:14:45",3340,49.99,19.49,74295,1
3341,"2013-02-20 17:23:25",3341,49.99,19.49,74326,1
3342,"2013-02-20 19:27:12",3342,49.99,19.49,74352,1
3343,"2013-02-20 20:31:46",3343,49.99,19.49,74363,1
3344,"2013-02-20 21:03:22",3344,49.99,19.49,74369,1
3345,"2013-02-20 22:45:51",3345,49.99,19.49,74390,1
3346,"2013-02-21 00:13:17",3346,49.99,19.49,74403,1
3347,"2013-02-21 07:37:06",3347,49.99,19.49,74436,1
3348,"2013-02-21 08:22:12",3348,49.99,19.49,74439,1
3349,"2013-02-21 12:16:40",3349,49.99,19.49,74504,1
3350,"2013-02-21 12:19:11",3350,49.99,19.49,74503,1
3351,"2013-02-21 12:29:21",3351,49.99,19.49,74511,1
3352,"2013-02-21 12:30:32",3352,49.99,19.49,74508,1
3353,"2013-02-21 13:55:50",3353,49.99,19.49,74542,1
3354,"2013-02-21 14:31:37",3354,49.99,19.49,74552,1
3355,"2013-02-21 16:03:31",3355,49.99,19.49,74585,1
3356,"2013-02-21 16:29:55",3356,49.99,19.49,74594,1
3357,"2013-02-21 16:30:20",3357,49.99,19.49,74591,1
3358,"2013-02-21 17:19:04",3358,49.99,19.49,74610,1
3359,"2013-02-21 19:42:48",3359,49.99,19.49,74628,1
3360,"2013-02-21 22:00:03",3360,49.99,19.49,74641,1
3361,"2013-02-21 23:21:11",3361,49.99,19.49,74646,1
3362,"2013-02-21 23:59:17",3362,49.99,19.49,74649,1
3363,"2013-02-22 00:12:54",3363,49.99,19.49,74653,1
3364,"2013-02-22 02:41:00",3364,49.99,19.49,74666,1
3365,"2013-02-22 02:43:59",3365,49.99,19.49,74665,1
3366,"2013-02-22 09:08:46",3366,49.99,19.49,74694,1
3367,"2013-02-22 10:41:31",3367,59.99,22.49,74711,2
3368,"2013-02-22 11:58:30",3368,49.99,19.49,74730,1
3369,"2013-02-22 12:44:18",3369,49.99,19.49,74735,1
3370,"2013-02-22 13:56:09",3370,49.99,19.49,74747,1
3371,"2013-02-22 13:56:36",3371,49.99,19.49,74746,1
3372,"2013-02-22 15:28:09",3372,49.99,19.49,74771,1
3373,"2013-02-22 15:29:03",3373,49.99,19.49,74772,1
3374,"2013-02-22 15:33:34",3374,59.99,22.49,74773,2
3375,"2013-02-22 16:17:46",3375,49.99,19.49,74778,1
3376,"2013-02-22 16:46:13",3376,59.99,22.49,74780,2
3377,"2013-02-22 17:17:42",3377,49.99,19.49,74793,1
3378,"2013-02-22 19:50:17",3378,49.99,19.49,74821,1
3379,"2013-02-22 19:56:53",3379,49.99,19.49,74823,1
3380,"2013-02-23 04:34:35",3380,49.99,19.49,74870,1
3381,"2013-02-23 08:34:18",3381,49.99,19.49,74883,1
3382,"2013-02-23 09:36:10",3382,49.99,19.49,74889,1
3383,"2013-02-23 10:19:39",3383,49.99,19.49,74893,1
3384,"2013-02-23 14:35:27",3384,49.99,19.49,74915,1
3385,"2013-02-23 14:58:23",3385,49.99,19.49,74919,1
3386,"2013-02-23 16:40:02",3386,49.99,19.49,74933,1
3387,"2013-02-23 17:48:38",3387,49.99,19.49,74939,1
3388,"2013-02-23 17:59:22",3388,49.99,19.49,74940,1
3389,"2013-02-24 00:18:18",3389,49.99,19.49,74967,1
3390,"2013-02-24 04:09:17",3390,49.99,19.49,74978,1
3391,"2013-02-24 09:50:50",3391,49.99,19.49,74989,1
3392,"2013-02-24 11:03:49",3392,49.99,19.49,75000,1
3393,"2013-02-24 18:47:08",3393,49.99,19.49,75034,1
3394,"2013-02-24 22:00:54",3394,49.99,19.49,75058,1
3395,"2013-02-24 22:35:38",3395,49.99,19.49,75060,1
3396,"2013-02-24 23:13:15",3396,49.99,19.49,75064,1
3397,"2013-02-25 06:51:14",3397,49.99,19.49,75106,1
3398,"2013-02-25 08:00:27",3398,49.99,19.49,75112,1
3399,"2013-02-25 08:30:32",3399,49.99,19.49,75114,1
3400,"2013-02-25 09:10:24",3400,49.99,19.49,75122,1
3401,"2013-02-25 11:58:07",3401,59.99,22.49,75166,2
3402,"2013-02-25 12:32:08",3402,49.99,19.49,75176,1
3403,"2013-02-25 12:56:02",3403,49.99,19.49,75181,1
3404,"2013-02-25 13:14:15",3404,49.99,19.49,75190,1
3405,"2013-02-25 13:28:28",3405,49.99,19.49,75194,1
3406,"2013-02-25 14:33:02",3406,49.99,19.49,75210,1
3407,"2013-02-25 14:55:11",3407,49.99,19.49,75219,1
3408,"2013-02-25 15:47:02",3408,59.99,22.49,75233,2
3409,"2013-02-25 15:52:40",3409,49.99,19.49,75232,1
3410,"2013-02-25 16:15:38",3410,59.99,22.49,75238,2
3411,"2013-02-25 16:35:55",3411,49.99,19.49,75247,1
3412,"2013-02-25 16:50:43",3412,49.99,19.49,75249,1
3413,"2013-02-25 19:01:49",3413,59.99,22.49,75274,2
3414,"2013-02-25 20:10:35",3414,49.99,19.49,75287,1
3415,"2013-02-25 22:36:51",3415,49.99,19.49,75304,1
3416,"2013-02-26 03:44:42",3416,49.99,19.49,75324,1
3417,"2013-02-26 04:23:47",3417,49.99,19.49,75329,1
3418,"2013-02-26 08:59:06",3418,59.99,22.49,75354,2
3419,"2013-02-26 09:56:41",3419,49.99,19.49,75360,1
3420,"2013-02-26 11:31:18",3420,59.99,22.49,75378,2
3421,"2013-02-26 11:54:41",3421,49.99,19.49,75383,1
3422,"2013-02-26 12:42:54",3422,49.99,19.49,75393,1
3423,"2013-02-26 14:53:10",3423,49.99,19.49,75426,1
3424,"2013-02-26 15:21:29",3424,49.99,19.49,75440,1
3425,"2013-02-26 16:12:30",3425,49.99,19.49,75454,1
3426,"2013-02-26 18:46:21",3426,49.99,19.49,75489,1
3427,"2013-02-26 19:59:46",3427,49.99,19.49,75501,1
3428,"2013-02-26 20:56:40",3428,49.99,19.49,75507,1
3429,"2013-02-26 21:50:44",3429,59.99,22.49,75515,2
3430,"2013-02-27 00:36:42",3430,49.99,19.49,75530,1
3431,"2013-02-27 01:14:42",3431,59.99,22.49,75534,2
3432,"2013-02-27 01:39:17",3432,49.99,19.49,75538,1
3433,"2013-02-27 09:09:56",3433,49.99,19.49,75572,1
3434,"2013-02-27 09:33:11",3434,59.99,22.49,75576,2
3435,"2013-02-27 10:28:01",3435,49.99,19.49,75590,1
3436,"2013-02-27 10:28:38",3436,49.99,19.49,75587,1
3437,"2013-02-27 11:22:57",3437,49.99,19.49,75607,1
3438,"2013-02-27 12:43:27",3438,49.99,19.49,75630,1
3439,"2013-02-27 12:47:38",3439,49.99,19.49,75634,1
3440,"2013-02-27 14:05:39",3440,49.99,19.49,75654,1
3441,"2013-02-27 14:49:11",3441,59.99,22.49,75670,2
3442,"2013-02-27 16:29:25",3442,49.99,19.49,75696,1
3443,"2013-02-27 16:52:41",3443,49.99,19.49,75703,1
3444,"2013-02-27 18:07:22",3444,49.99,19.49,75725,1
3445,"2013-02-27 18:46:32",3445,49.99,19.49,75735,1
3446,"2013-02-27 22:14:39",3446,49.99,19.49,75765,1
3447,"2013-02-27 22:25:54",3447,49.99,19.49,75766,1
3448,"2013-02-28 02:35:41",3448,49.99,19.49,75789,1
3449,"2013-02-28 04:19:18",3449,49.99,19.49,75794,1
3450,"2013-02-28 04:31:34",3450,49.99,19.49,75796,1
3451,"2013-02-28 05:32:54",3451,49.99,19.49,75798,1
3452,"2013-02-28 06:42:06",3452,49.99,19.49,75803,1
3453,"2013-02-28 09:31:37",3453,59.99,22.49,75824,2
3454,"2013-02-28 11:05:56",3454,49.99,19.49,75847,1
3455,"2013-02-28 12:41:28",3455,49.99,19.49,75872,1
3456,"2013-02-28 12:43:49",3456,59.99,22.49,75873,2
3457,"2013-02-28 12:54:55",3457,59.99,22.49,75878,2
3458,"2013-02-28 13:01:41",3458,59.99,22.49,75879,2
3459,"2013-02-28 13:45:29",3459,49.99,19.49,75895,1
3460,"2013-02-28 13:47:04",3460,49.99,19.49,75898,1
3461,"2013-02-28 13:54:10",3461,59.99,22.49,75897,2
3462,"2013-02-28 15:40:17",3462,49.99,19.49,75929,1
3463,"2013-02-28 15:41:39",3463,49.99,19.49,75927,1
3464,"2013-02-28 15:57:46",3464,49.99,19.49,75933,1
3465,"2013-02-28 17:11:26",3465,49.99,19.49,75946,1
3466,"2013-02-28 17:47:14",3466,49.99,19.49,75957,1
3467,"2013-02-28 18:10:36",3467,49.99,19.49,75962,1
3468,"2013-02-28 18:11:08",3468,49.99,19.49,75964,1
3469,"2013-02-28 19:45:33",3469,49.99,19.49,75986,1
3470,"2013-02-28 20:02:08",3470,49.99,19.49,75990,1
3471,"2013-02-28 20:59:52",3471,49.99,19.49,75999,1
3472,"2013-02-28 21:27:33",3472,49.99,19.49,76006,1
3473,"2013-02-28 22:27:37",3473,59.99,22.49,76017,2
3474,"2013-02-28 23:21:43",3474,49.99,19.49,76028,1
3475,"2013-03-01 05:24:08",3475,59.99,22.49,76066,2
3476,"2013-03-01 11:00:00",3476,49.99,19.49,76110,1
3477,"2013-03-01 12:44:11",3477,49.99,19.49,76136,1
3478,"2013-03-01 14:41:26",3478,49.99,19.49,76160,1
3479,"2013-03-01 16:15:59",3479,49.99,19.49,76173,1
3480,"2013-03-01 18:08:27",3480,49.99,19.49,76201,1
3481,"2013-03-01 18:41:03",3481,49.99,19.49,76208,1
3482,"2013-03-01 19:15:32",3482,49.99,19.49,76216,1
3483,"2013-03-02 04:30:17",3483,49.99,19.49,76262,1
3484,"2013-03-02 22:18:56",3484,49.99,19.49,76344,1
3485,"2013-03-02 22:20:16",3485,59.99,22.49,76345,2
3486,"2013-03-02 23:56:40",3486,49.99,19.49,76350,1
3487,"2013-03-03 01:49:45",3487,49.99,19.49,76357,1
3488,"2013-03-03 02:09:18",3488,49.99,19.49,76360,1
3489,"2013-03-03 09:51:10",3489,49.99,19.49,76380,1
3490,"2013-03-03 15:25:50",3490,49.99,19.49,76413,1
3491,"2013-03-03 17:32:13",3491,49.99,19.49,76427,1
3492,"2013-03-03 17:43:03",3492,49.99,19.49,76428,1
3493,"2013-03-03 18:02:16",3493,49.99,19.49,76429,1
3494,"2013-03-03 18:22:45",3494,49.99,19.49,76432,1
3495,"2013-03-03 20:17:50",3495,49.99,19.49,76445,1
3496,"2013-03-03 22:19:38",3496,49.99,19.49,76464,1
3497,"2013-03-04 05:48:59",3497,49.99,19.49,76499,1
3498,"2013-03-04 07:40:49",3498,49.99,19.49,76510,1
3499,"2013-03-04 08:26:57",3499,59.99,22.49,76516,2
3500,"2013-03-04 12:16:40",3500,49.99,19.49,76562,1
3501,"2013-03-04 13:12:10",3501,49.99,19.49,76579,1
3502,"2013-03-04 13:30:17",3502,49.99,19.49,76585,1
3503,"2013-03-04 13:49:41",3503,59.99,22.49,76587,2
3504,"2013-03-04 13:50:09",3504,59.99,22.49,76588,2
3505,"2013-03-04 14:15:43",3505,49.99,19.49,76592,1
3506,"2013-03-04 16:28:53",3506,49.99,19.49,76616,1
3507,"2013-03-04 16:51:17",3507,59.99,22.49,76624,2
3508,"2013-03-04 19:08:33",3508,49.99,19.49,76653,1
3509,"2013-03-04 19:38:42",3509,49.99,19.49,76659,1
3510,"2013-03-04 19:45:05",3510,49.99,19.49,76660,1
3511,"2013-03-04 22:32:58",3511,59.99,22.49,76690,2
3512,"2013-03-04 23:00:02",3512,49.99,19.49,76695,1
3513,"2013-03-04 23:15:12",3513,49.99,19.49,76697,1
3514,"2013-03-05 01:11:26",3514,49.99,19.49,76711,1
3515,"2013-03-05 05:24:12",3515,49.99,19.49,76733,1
3516,"2013-03-05 09:45:13",3516,59.99,22.49,76761,2
3517,"2013-03-05 10:58:45",3517,49.99,19.49,76786,1
3518,"2013-03-05 11:21:14",3518,49.99,19.49,76792,1
3519,"2013-03-05 11:26:01",3519,59.99,22.49,76794,2
3520,"2013-03-05 12:20:07",3520,49.99,19.49,76807,1
3521,"2013-03-05 12:48:27",3521,49.99,19.49,76817,1
3522,"2013-03-05 13:42:42",3522,49.99,19.49,76840,1
3523,"2013-03-05 14:14:12",3523,49.99,19.49,76846,1
3524,"2013-03-05 16:47:00",3524,49.99,19.49,76875,1
3525,"2013-03-05 16:52:48",3525,49.99,19.49,76880,1
3526,"2013-03-05 17:04:41",3526,49.99,19.49,76882,1
3527,"2013-03-05 23:28:53",3527,49.99,19.49,76950,1
3528,"2013-03-05 23:53:45",3528,49.99,19.49,76954,1
3529,"2013-03-06 00:41:42",3529,59.99,22.49,76959,2
3530,"2013-03-06 00:51:52",3530,49.99,19.49,76965,1
3531,"2013-03-06 00:51:57",3531,49.99,19.49,76963,1
3532,"2013-03-06 01:49:47",3532,59.99,22.49,76968,2
3533,"2013-03-06 06:02:21",3533,49.99,19.49,76982,1
3534,"2013-03-06 06:26:02",3534,59.99,22.49,76985,2
3535,"2013-03-06 10:37:32",3535,49.99,19.49,77032,1
3536,"2013-03-06 10:45:49",3536,49.99,19.49,77034,1
3537,"2013-03-06 11:25:08",3537,49.99,19.49,77046,1
3538,"2013-03-06 12:38:45",3538,49.99,19.49,77068,1
3539,"2013-03-06 13:55:09",3539,59.99,22.49,77095,2
3540,"2013-03-06 15:32:55",3540,49.99,19.49,77112,1
3541,"2013-03-06 16:03:18",3541,49.99,19.49,77123,1
3542,"2013-03-06 16:35:14",3542,59.99,22.49,77134,2
3543,"2013-03-06 17:05:25",3543,49.99,19.49,77146,1
3544,"2013-03-06 18:29:29",3544,49.99,19.49,77171,1
3545,"2013-03-06 19:12:53",3545,49.99,19.49,77177,1
3546,"2013-03-06 19:55:15",3546,49.99,19.49,77183,1
3547,"2013-03-06 20:13:43",3547,49.99,19.49,77187,1
3548,"2013-03-06 22:12:08",3548,49.99,19.49,77210,1
3549,"2013-03-06 22:12:35",3549,49.99,19.49,77213,1
3550,"2013-03-07 00:26:45",3550,49.99,19.49,77229,1
3551,"2013-03-07 01:44:08",3551,49.99,19.49,77234,1
3552,"2013-03-07 07:23:50",3552,49.99,19.49,77252,1
3553,"2013-03-07 09:22:05",3553,49.99,19.49,77274,1
3554,"2013-03-07 14:40:03",3554,49.99,19.49,77366,1
3555,"2013-03-07 15:00:14",3555,49.99,19.49,77372,1
3556,"2013-03-07 15:47:30",3556,59.99,22.49,77392,2
3557,"2013-03-07 17:54:32",3557,49.99,19.49,77430,1
3558,"2013-03-07 18:14:04",3558,49.99,19.49,77432,1
3559,"2013-03-07 21:39:42",3559,49.99,19.49,77471,1
3560,"2013-03-08 06:21:40",3560,49.99,19.49,77516,1
3561,"2013-03-08 08:45:39",3561,49.99,19.49,77532,1
3562,"2013-03-08 11:30:06",3562,49.99,19.49,77564,1
3563,"2013-03-08 15:28:22",3563,59.99,22.49,77624,2
3564,"2013-03-08 15:36:38",3564,49.99,19.49,77628,1
3565,"2013-03-08 16:35:06",3565,49.99,19.49,77647,1
3566,"2013-03-08 23:53:38",3566,49.99,19.49,77693,1
3567,"2013-03-09 03:46:45",3567,49.99,19.49,77719,1
3568,"2013-03-09 06:05:02",3568,49.99,19.49,77725,1
3569,"2013-03-09 10:08:47",3569,49.99,19.49,77741,1
3570,"2013-03-09 13:12:51",3570,49.99,19.49,77765,1
3571,"2013-03-09 17:30:14",3571,49.99,19.49,77793,1
3572,"2013-03-09 23:48:20",3572,49.99,19.49,77820,1
3573,"2013-03-09 23:49:01",3573,49.99,19.49,77819,1
3574,"2013-03-10 08:12:42",3574,49.99,19.49,77847,1
3575,"2013-03-10 14:20:56",3575,49.99,19.49,77876,1
3576,"2013-03-10 16:26:06",3576,49.99,19.49,77889,1
3577,"2013-03-10 20:47:17",3577,49.99,19.49,77917,1
3578,"2013-03-10 21:33:31",3578,49.99,19.49,77923,1
3579,"2013-03-10 21:55:32",3579,59.99,22.49,77926,2
3580,"2013-03-11 01:38:08",3580,49.99,19.49,77944,1
3581,"2013-03-11 07:17:41",3581,49.99,19.49,77959,1
3582,"2013-03-11 07:27:40",3582,49.99,19.49,77963,1
3583,"2013-03-11 08:22:03",3583,59.99,22.49,77969,2
3584,"2013-03-11 10:06:14",3584,49.99,19.49,77981,1
3585,"2013-03-11 11:20:07",3585,49.99,19.49,77994,1
3586,"2013-03-11 11:24:59",3586,59.99,22.49,77998,2
3587,"2013-03-11 13:05:09",3587,59.99,22.49,78021,2
3588,"2013-03-11 13:32:56",3588,49.99,19.49,78028,1
3589,"2013-03-11 14:51:40",3589,59.99,22.49,78049,2
3590,"2013-03-11 17:53:37",3590,49.99,19.49,78087,1
3591,"2013-03-11 19:18:48",3591,49.99,19.49,78112,1
3592,"2013-03-12 09:00:45",3592,49.99,19.49,78191,1
3593,"2013-03-12 09:04:48",3593,49.99,19.49,78192,1
3594,"2013-03-12 10:12:22",3594,49.99,19.49,78210,1
3595,"2013-03-12 12:27:50",3595,59.99,22.49,78239,2
3596,"2013-03-12 12:35:02",3596,59.99,22.49,78244,2
3597,"2013-03-12 13:27:02",3597,59.99,22.49,78251,2
3598,"2013-03-12 14:17:58",3598,49.99,19.49,78264,1
3599,"2013-03-12 15:16:00",3599,59.99,22.49,78281,2
3600,"2013-03-12 15:39:57",3600,49.99,19.49,78288,1
3601,"2013-03-12 16:09:49",3601,49.99,19.49,78292,1
3602,"2013-03-12 18:30:45",3602,49.99,19.49,78328,1
3603,"2013-03-12 18:46:01",3603,49.99,19.49,78331,1
3604,"2013-03-12 20:43:21",3604,59.99,22.49,78352,2
3605,"2013-03-12 21:37:06",3605,49.99,19.49,78363,1
3606,"2013-03-13 08:42:16",3606,49.99,19.49,78414,1
3607,"2013-03-13 09:16:03",3607,49.99,19.49,78420,1
3608,"2013-03-13 09:33:01",3608,49.99,19.49,78422,1
3609,"2013-03-13 11:08:22",3609,49.99,19.49,78454,1
3610,"2013-03-13 11:59:46",3610,59.99,22.49,78468,2
3611,"2013-03-13 13:27:49",3611,49.99,19.49,78497,1
3612,"2013-03-13 17:05:17",3612,49.99,19.49,78547,1
3613,"2013-03-13 17:55:17",3613,49.99,19.49,78555,1
3614,"2013-03-13 17:58:40",3614,49.99,19.49,78556,1
3615,"2013-03-13 19:32:38",3615,59.99,22.49,78576,2
3616,"2013-03-13 20:51:17",3616,49.99,19.49,78592,1
3617,"2013-03-13 22:13:35",3617,49.99,19.49,78601,1
3618,"2013-03-13 22:42:14",3618,59.99,22.49,78606,2
3619,"2013-03-13 22:51:40",3619,49.99,19.49,78608,1
3620,"2013-03-13 23:38:15",3620,49.99,19.49,78611,1
3621,"2013-03-14 00:22:56",3621,59.99,22.49,78613,2
3622,"2013-03-14 01:41:27",3622,49.99,19.49,78622,1
3623,"2013-03-14 03:49:37",3623,49.99,19.49,78628,1
3624,"2013-03-14 06:38:28",3624,49.99,19.49,78639,1
3625,"2013-03-14 10:23:31",3625,49.99,19.49,78673,1
3626,"2013-03-14 10:38:08",3626,49.99,19.49,78676,1
3627,"2013-03-14 12:01:12",3627,49.99,19.49,78697,1
3628,"2013-03-14 13:22:59",3628,49.99,19.49,78720,1
3629,"2013-03-14 14:29:35",3629,49.99,19.49,78739,1
3630,"2013-03-14 15:07:18",3630,49.99,19.49,78748,1
3631,"2013-03-14 16:11:50",3631,49.99,19.49,78760,1
3632,"2013-03-14 16:39:53",3632,49.99,19.49,78772,1
3633,"2013-03-14 21:17:09",3633,49.99,19.49,78817,1
3634,"2013-03-15 02:07:47",3634,59.99,22.49,78843,2
3635,"2013-03-15 08:06:50",3635,49.99,19.49,78856,1
3636,"2013-03-15 08:22:43",3636,49.99,19.49,78858,1
3637,"2013-03-15 08:57:16",3637,49.99,19.49,78862,1
3638,"2013-03-15 09:29:55",3638,59.99,22.49,78866,2
3639,"2013-03-15 10:25:36",3639,49.99,19.49,78881,1
3640,"2013-03-15 10:27:59",3640,49.99,19.49,78882,1
3641,"2013-03-15 11:45:27",3641,49.99,19.49,78898,1
3642,"2013-03-15 12:39:42",3642,49.99,19.49,78914,1
3643,"2013-03-15 14:12:15",3643,49.99,19.49,78932,1
3644,"2013-03-15 14:38:38",3644,49.99,19.49,78941,1
3645,"2013-03-15 16:06:48",3645,49.99,19.49,78961,1
3646,"2013-03-15 18:11:18",3646,49.99,19.49,78997,1
3647,"2013-03-15 18:31:51",3647,49.99,19.49,79000,1
3648,"2013-03-15 19:29:18",3648,49.99,19.49,79011,1
3649,"2013-03-15 19:50:05",3649,49.99,19.49,79014,1
3650,"2013-03-15 20:00:20",3650,59.99,22.49,79016,2
3651,"2013-03-15 21:34:45",3651,49.99,19.49,79025,1
3652,"2013-03-15 21:48:01",3652,49.99,19.49,79027,1
3653,"2013-03-16 07:01:26",3653,49.99,19.49,79052,1
3654,"2013-03-16 10:35:57",3654,59.99,22.49,79069,2
3655,"2013-03-16 16:41:42",3655,49.99,19.49,79110,1
3656,"2013-03-16 16:43:58",3656,49.99,19.49,79112,1
3657,"2013-03-16 21:56:06",3657,49.99,19.49,79141,1
3658,"2013-03-16 23:32:38",3658,49.99,19.49,79148,1
3659,"2013-03-17 09:27:54",3659,59.99,22.49,79173,2
3660,"2013-03-17 13:04:29",3660,49.99,19.49,79187,1
3661,"2013-03-17 16:26:52",3661,49.99,19.49,79208,1
3662,"2013-03-17 17:54:29",3662,49.99,19.49,79215,1
3663,"2013-03-17 18:07:01",3663,49.99,19.49,79217,1
3664,"2013-03-17 23:16:09",3664,49.99,19.49,79258,1
3665,"2013-03-18 00:33:30",3665,49.99,19.49,79269,1
3666,"2013-03-18 05:11:47",3666,49.99,19.49,79285,1
3667,"2013-03-18 07:09:42",3667,49.99,19.49,79294,1
3668,"2013-03-18 09:35:45",3668,49.99,19.49,79312,1
3669,"2013-03-18 11:12:26",3669,59.99,22.49,79333,2
3670,"2013-03-18 11:28:35",3670,49.99,19.49,79338,1
3671,"2013-03-18 12:34:46",3671,49.99,19.49,79353,1
3672,"2013-03-18 16:18:15",3672,49.99,19.49,79398,1
3673,"2013-03-18 16:37:41",3673,59.99,22.49,79403,2
3674,"2013-03-18 17:45:32",3674,49.99,19.49,79419,1
3675,"2013-03-18 19:12:41",3675,59.99,22.49,79444,2
3676,"2013-03-18 19:24:28",3676,49.99,19.49,79445,1
3677,"2013-03-19 04:31:06",3677,59.99,22.49,79503,2
3678,"2013-03-19 09:39:51",3678,49.99,19.49,79534,1
3679,"2013-03-19 10:40:20",3679,49.99,19.49,79545,1
3680,"2013-03-19 10:56:44",3680,49.99,19.49,79549,1
3681,"2013-03-19 11:16:23",3681,49.99,19.49,79558,1
3682,"2013-03-19 11:46:51",3682,49.99,19.49,79571,1
3683,"2013-03-19 13:11:03",3683,49.99,19.49,79590,1
3684,"2013-03-19 13:16:31",3684,49.99,19.49,79592,1
3685,"2013-03-19 13:51:46",3685,49.99,19.49,79600,1
3686,"2013-03-19 16:07:53",3686,49.99,19.49,79640,1
3687,"2013-03-19 17:08:26",3687,49.99,19.49,79653,1
3688,"2013-03-19 18:24:28",3688,49.99,19.49,79673,1
3689,"2013-03-19 20:02:35",3689,49.99,19.49,79688,1
3690,"2013-03-19 20:13:23",3690,49.99,19.49,79692,1
3691,"2013-03-20 12:53:15",3691,59.99,22.49,79840,2
3692,"2013-03-20 13:31:08",3692,59.99,22.49,79850,2
3693,"2013-03-20 14:31:40",3693,49.99,19.49,79863,1
3694,"2013-03-20 14:43:44",3694,49.99,19.49,79867,1
3695,"2013-03-20 16:52:39",3695,49.99,19.49,79902,1
3696,"2013-03-20 18:27:03",3696,49.99,19.49,79919,1
3697,"2013-03-20 18:37:02",3697,49.99,19.49,79924,1
3698,"2013-03-20 19:18:15",3698,49.99,19.49,79929,1
3699,"2013-03-20 20:58:31",3699,59.99,22.49,79945,2
3700,"2013-03-21 09:49:41",3700,49.99,19.49,80021,1
3701,"2013-03-21 10:15:00",3701,49.99,19.49,80028,1
3702,"2013-03-21 11:11:28",3702,49.99,19.49,80046,1
3703,"2013-03-21 12:16:28",3703,49.99,19.49,80064,1
3704,"2013-03-21 14:44:42",3704,49.99,19.49,80098,1
3705,"2013-03-21 15:15:15",3705,59.99,22.49,80109,2
3706,"2013-03-21 16:21:39",3706,49.99,19.49,80121,1
3707,"2013-03-21 17:36:41",3707,49.99,19.49,80143,1
3708,"2013-03-21 20:34:34",3708,49.99,19.49,80167,1
3709,"2013-03-21 21:52:39",3709,49.99,19.49,80175,1
3710,"2013-03-21 22:07:45",3710,49.99,19.49,80178,1
3711,"2013-03-21 22:37:48",3711,49.99,19.49,80187,1
3712,"2013-03-22 01:17:29",3712,49.99,19.49,80199,1
3713,"2013-03-22 06:23:05",3713,49.99,19.49,80217,1
3714,"2013-03-22 06:27:08",3714,49.99,19.49,80219,1
3715,"2013-03-22 06:58:32",3715,59.99,22.49,80221,2
3716,"2013-03-22 09:33:19",3716,49.99,19.49,80242,1
3717,"2013-03-22 11:45:22",3717,49.99,19.49,80289,1
3718,"2013-03-22 11:49:33",3718,49.99,19.49,80288,1
3719,"2013-03-22 14:01:18",3719,49.99,19.49,80324,1
3720,"2013-03-22 15:51:08",3720,49.99,19.49,80353,1
3721,"2013-03-22 16:04:39",3721,49.99,19.49,80358,1
3722,"2013-03-22 16:05:20",3722,59.99,22.49,80356,2
3723,"2013-03-22 16:35:06",3723,49.99,19.49,80368,1
3724,"2013-03-22 16:47:01",3724,49.99,19.49,80370,1
3725,"2013-03-22 16:55:39",3725,49.99,19.49,80373,1
3726,"2013-03-22 20:09:36",3726,49.99,19.49,80409,1
3727,"2013-03-22 22:31:56",3727,49.99,19.49,80420,1
3728,"2013-03-22 22:50:40",3728,49.99,19.49,80422,1
3729,"2013-03-23 04:09:13",3729,49.99,19.49,80440,1
3730,"2013-03-23 09:14:39",3730,49.99,19.49,80450,1
3731,"2013-03-23 20:20:07",3731,49.99,19.49,80523,1
3732,"2013-03-24 08:01:59",3732,49.99,19.49,80565,1
3733,"2013-03-24 08:25:54",3733,49.99,19.49,80572,1
3734,"2013-03-24 10:16:40",3734,59.99,22.49,80580,2
3735,"2013-03-24 11:57:06",3735,49.99,19.49,80588,1
3736,"2013-03-24 12:51:27",3736,49.99,19.49,80598,1
3737,"2013-03-24 16:07:31",3737,49.99,19.49,80614,1
3738,"2013-03-25 00:20:02",3738,49.99,19.49,80673,1
3739,"2013-03-25 01:08:00",3739,59.99,22.49,80683,2
3740,"2013-03-25 08:06:20",3740,49.99,19.49,80717,1
3741,"2013-03-25 08:17:37",3741,49.99,19.49,80719,1
3742,"2013-03-25 09:19:45",3742,49.99,19.49,80732,1
3743,"2013-03-25 10:27:32",3743,49.99,19.49,80750,1
3744,"2013-03-25 10:29:57",3744,49.99,19.49,80753,1
3745,"2013-03-25 10:38:50",3745,49.99,19.49,80756,1
3746,"2013-03-25 11:25:28",3746,59.99,22.49,80768,2
3747,"2013-03-25 11:38:37",3747,59.99,22.49,80774,2
3748,"2013-03-25 12:50:25",3748,49.99,19.49,80797,1
3749,"2013-03-25 13:54:30",3749,49.99,19.49,80817,1
3750,"2013-03-25 14:39:29",3750,49.99,19.49,80833,1
3751,"2013-03-25 15:22:55",3751,49.99,19.49,80851,1
3752,"2013-03-25 15:42:38",3752,49.99,19.49,80856,1
3753,"2013-03-25 16:22:59",3753,49.99,19.49,80866,1
3754,"2013-03-25 19:58:11",3754,49.99,19.49,80908,1
3755,"2013-03-25 20:13:06",3755,59.99,22.49,80913,2
3756,"2013-03-25 20:30:17",3756,49.99,19.49,80914,1
3757,"2013-03-25 22:10:41",3757,49.99,19.49,80925,1
3758,"2013-03-25 22:44:54",3758,59.99,22.49,80931,2
3759,"2013-03-25 23:04:12",3759,49.99,19.49,80937,1
3760,"2013-03-26 01:25:29",3760,59.99,22.49,80954,2
3761,"2013-03-26 03:04:30",3761,49.99,19.49,80966,1
3762,"2013-03-26 04:45:35",3762,49.99,19.49,80973,1
3763,"2013-03-26 06:25:46",3763,49.99,19.49,80981,1
3764,"2013-03-26 06:41:53",3764,49.99,19.49,80983,1
3765,"2013-03-26 11:16:16",3765,59.99,22.49,81024,2
3766,"2013-03-26 12:23:11",3766,49.99,19.49,81046,1
3767,"2013-03-26 12:57:21",3767,49.99,19.49,81056,1
3768,"2013-03-26 14:41:14",3768,49.99,19.49,81085,1
3769,"2013-03-26 15:46:38",3769,49.99,19.49,81114,1
3770,"2013-03-26 15:51:46",3770,49.99,19.49,81115,1
3771,"2013-03-26 16:37:39",3771,49.99,19.49,81131,1
3772,"2013-03-26 20:07:51",3772,49.99,19.49,81182,1
3773,"2013-03-26 21:25:00",3773,49.99,19.49,81194,1
3774,"2013-03-27 00:06:49",3774,49.99,19.49,81213,1
3775,"2013-03-27 01:07:16",3775,49.99,19.49,81220,1
3776,"2013-03-27 01:58:52",3776,49.99,19.49,81224,1
3777,"2013-03-27 02:35:20",3777,59.99,22.49,81233,2
3778,"2013-03-27 03:23:47",3778,59.99,22.49,81238,2
3779,"2013-03-27 10:21:12",3779,49.99,19.49,81292,1
3780,"2013-03-27 10:36:37",3780,49.99,19.49,81297,1
3781,"2013-03-27 11:26:47",3781,59.99,22.49,81315,2
3782,"2013-03-27 11:52:51",3782,49.99,19.49,81322,1
3783,"2013-03-27 11:54:09",3783,49.99,19.49,81321,1
3784,"2013-03-27 12:01:42",3784,49.99,19.49,81328,1
3785,"2013-03-27 12:36:46",3785,49.99,19.49,81343,1
3786,"2013-03-27 13:23:25",3786,49.99,19.49,81356,1
3787,"2013-03-27 13:33:55",3787,49.99,19.49,81357,1
3788,"2013-03-27 14:41:07",3788,49.99,19.49,81377,1
3789,"2013-03-27 15:21:08",3789,49.99,19.49,81384,1
3790,"2013-03-27 16:10:59",3790,49.99,19.49,81405,1
3791,"2013-03-27 16:26:15",3791,49.99,19.49,81408,1
3792,"2013-03-27 17:18:08",3792,49.99,19.49,81427,1
3793,"2013-03-27 17:34:04",3793,49.99,19.49,81438,1
3794,"2013-03-27 18:05:39",3794,49.99,19.49,81443,1
3795,"2013-03-27 20:03:08",3795,49.99,19.49,81470,1
3796,"2013-03-27 20:50:43",3796,49.99,19.49,81483,1
3797,"2013-03-27 22:38:03",3797,49.99,19.49,81498,1
3798,"2013-03-27 23:42:14",3798,59.99,22.49,81505,2
3799,"2013-03-28 00:16:50",3799,49.99,19.49,81508,1
3800,"2013-03-28 02:47:47",3800,49.99,19.49,81523,1
3801,"2013-03-28 03:20:17",3801,49.99,19.49,81526,1
3802,"2013-03-28 04:08:45",3802,49.99,19.49,81529,1
3803,"2013-03-28 08:05:39",3803,49.99,19.49,81556,1
3804,"2013-03-28 08:28:09",3804,49.99,19.49,81562,1
3805,"2013-03-28 09:37:51",3805,59.99,22.49,81574,2
3806,"2013-03-28 11:52:14",3806,49.99,19.49,81627,1
3807,"2013-03-28 14:08:15",3807,49.99,19.49,81667,1
3808,"2013-03-28 14:52:34",3808,59.99,22.49,81679,2
3809,"2013-03-28 16:05:32",3809,49.99,19.49,81706,1
3810,"2013-03-28 16:10:35",3810,49.99,19.49,81709,1
3811,"2013-03-28 16:56:35",3811,49.99,19.49,81722,1
3812,"2013-03-28 17:03:04",3812,49.99,19.49,81725,1
3813,"2013-03-28 17:11:31",3813,49.99,19.49,81729,1
3814,"2013-03-28 18:38:39",3814,49.99,19.49,81753,1
3815,"2013-03-28 19:34:24",3815,49.99,19.49,81764,1
3816,"2013-03-28 20:25:17",3816,49.99,19.49,81776,1
3817,"2013-03-28 22:42:02",3817,59.99,22.49,81791,2
3818,"2013-03-29 06:41:01",3818,49.99,19.49,81832,1
3819,"2013-03-29 06:52:29",3819,49.99,19.49,81835,1
3820,"2013-03-29 10:26:00",3820,49.99,19.49,81875,1
3821,"2013-03-29 11:48:09",3821,49.99,19.49,81892,1
3822,"2013-03-29 11:57:49",3822,49.99,19.49,81895,1
3823,"2013-03-29 13:23:53",3823,49.99,19.49,81926,1
3824,"2013-03-29 14:13:31",3824,49.99,19.49,81941,1
3825,"2013-03-29 14:24:58",3825,59.99,22.49,81948,2
3826,"2013-03-29 14:45:31",3826,49.99,19.49,81952,1
3827,"2013-03-29 16:10:38",3827,49.99,19.49,81974,1
3828,"2013-03-29 16:35:21",3828,49.99,19.49,81982,1
3829,"2013-03-29 16:53:37",3829,49.99,19.49,81990,1
3830,"2013-03-29 17:01:59",3830,49.99,19.49,81993,1
3831,"2013-03-29 17:43:32",3831,49.99,19.49,82006,1
3832,"2013-03-29 17:54:25",3832,49.99,19.49,82011,1
3833,"2013-03-29 18:02:33",3833,49.99,19.49,82010,1
3834,"2013-03-29 18:05:40",3834,49.99,19.49,82013,1
3835,"2013-03-29 18:35:37",3835,49.99,19.49,82020,1
3836,"2013-03-29 19:48:01",3836,49.99,19.49,82026,1
3837,"2013-03-29 21:10:18",3837,49.99,19.49,82036,1
3838,"2013-03-30 00:20:27",3838,49.99,19.49,82056,1
3839,"2013-03-30 01:07:35",3839,59.99,22.49,82062,2
3840,"2013-03-30 04:40:35",3840,49.99,19.49,82074,1
3841,"2013-03-30 08:07:16",3841,49.99,19.49,82083,1
3842,"2013-03-30 11:10:42",3842,59.99,22.49,82110,2
3843,"2013-03-30 12:06:53",3843,49.99,19.49,82119,1
3844,"2013-03-30 12:43:46",3844,49.99,19.49,82124,1
3845,"2013-03-30 13:22:57",3845,49.99,19.49,82130,1
3846,"2013-03-30 14:12:16",3846,49.99,19.49,82134,1
3847,"2013-03-30 15:09:04",3847,49.99,19.49,82137,1
3848,"2013-03-30 16:16:39",3848,49.99,19.49,82142,1
3849,"2013-03-30 16:49:47",3849,49.99,19.49,82146,1
3850,"2013-03-30 20:56:47",3850,49.99,19.49,82163,1
3851,"2013-03-30 22:44:42",3851,49.99,19.49,82172,1
3852,"2013-03-30 23:14:10",3852,59.99,22.49,82176,2
3853,"2013-03-31 00:45:20",3853,49.99,19.49,82183,1
3854,"2013-03-31 03:53:24",3854,49.99,19.49,82191,1
3855,"2013-03-31 09:59:37",3855,49.99,19.49,82205,1
3856,"2013-03-31 10:35:49",3856,49.99,19.49,82209,1
3857,"2013-03-31 12:23:45",3857,49.99,19.49,82219,1
3858,"2013-03-31 17:48:32",3858,59.99,22.49,82258,2
3859,"2013-03-31 19:12:53",3859,49.99,19.49,82267,1
