order_item_id,created_at,order_id,price_usd,cogs_usd,website_session_id,product_id,is_primary_item
12659,"2014-03-01 00:01:17",12037,49.99,19.49,206360,1,1
12660,"2014-03-01 00:01:17",12037,29.99,9.49,206360,4,0
12661,"2014-03-01 00:58:29",12038,45.99,14.49,206371,3,1
12662,"2014-03-01 01:24:13",12039,45.99,14.49,206379,3,1
12663,"2014-03-01 02:04:37",12040,49.99,19.49,206384,1,1
12664,"2014-03-01 02:33:12",12041,49.99,19.49,206389,1,1
12665,"2014-03-01 05:47:45",12042,49.99,19.49,206412,1,1
12666,"2014-03-01 05:47:45",12042,29.99,9.49,206412,4,0
12667,"2014-03-01 08:42:11",12043,49.99,19.49,206435,1,1
12668,"2014-03-01 08:42:11",12043,45.99,14.49,206435,3,0
12669,"2014-03-01 09:15:19",12044,49.99,19.49,206443,1,1
12670,"2014-03-01 09:26:40",12045,49.99,19.49,206446,1,1
12671,"2014-03-01 10:31:15",12046,49.99,19.49,206470,1,1
12672,"2014-03-01 10:31:15",12046,29.99,9.49,206470,4,0
12673,"2014-03-01 11:00:56",12047,49.99,19.49,206483,1,1
12674,"2014-03-01 11:40:05",12048,49.99,19.49,206506,1,1
12675,"2014-03-01 12:18:21",12049,59.99,22.49,206510,2,1
12676,"2014-03-01 12:18:21",12049,29.99,9.49,206510,4,0
12677,"2014-03-01 16:26:03",12050,49.99,19.49,206573,1,1
12678,"2014-03-01 18:47:27",12051,49.99,19.49,206605,1,1
12679,"2014-03-01 18:47:27",12051,29.99,9.49,206605,4,0
12680,"2014-03-01 18:56:02",12052,49.99,19.49,206606,1,1
12681,"2014-03-01 19:47:46",12053,45.99,14.49,206620,3,1
12682,"2014-03-01 19:47:46",12053,59.99,22.49,206620,2,0
12683,"2014-03-01 20:34:42",12054,59.99,22.49,206626,2,1
12684,"2014-03-01 20:36:00",12055,49.99,19.49,206625,1,1
12685,"2014-03-01 20:36:00",12055,45.99,14.49,206625,3,0
12686,"2014-03-01 23:03:06",12056,45.99,14.49,206649,3,1
12687,"2014-03-02 00:06:51",12057,59.99,22.49,206657,2,1
12688,"2014-03-02 00:27:01",12058,49.99,19.49,206660,1,1
12689,"2014-03-02 00:27:01",12058,45.99,14.49,206660,3,0
12690,"2014-03-02 01:10:25",12059,49.99,19.49,206666,1,1
12691,"2014-03-02 01:10:25",12059,59.99,22.49,206666,2,0
12692,"2014-03-02 04:41:20",12060,49.99,19.49,206688,1,1
12693,"2014-03-02 11:02:59",12061,45.99,14.49,206757,3,1
12694,"2014-03-02 11:48:28",12062,49.99,19.49,206770,1,1
12695,"2014-03-02 13:01:07",12063,45.99,14.49,206786,3,1
12696,"2014-03-02 14:17:27",12064,49.99,19.49,206807,1,1
12697,"2014-03-02 14:35:21",12065,49.99,19.49,206815,1,1
12698,"2014-03-02 14:35:21",12065,29.99,9.49,206815,4,0
12699,"2014-03-02 15:19:40",12066,45.99,14.49,206835,3,1
12700,"2014-03-02 18:01:50",12067,49.99,19.49,206882,1,1
12701,"2014-03-02 18:04:26",12068,49.99,19.49,206880,1,1
12702,"2014-03-02 18:04:26",12068,29.99,9.49,206880,4,0
12703,"2014-03-02 18:39:19",12069,49.99,19.49,206888,1,1
12704,"2014-03-02 19:56:21",12070,49.99,19.49,206911,1,1
12705,"2014-03-02 20:12:51",12071,59.99,22.49,206912,2,1
12706,"2014-03-02 22:30:13",12072,49.99,19.49,206949,1,1
12707,"2014-03-02 22:30:13",12072,45.99,14.49,206949,3,0
12708,"2014-03-02 22:51:00",12073,49.99,19.49,206955,1,1
12709,"2014-03-02 23:48:30",12074,49.99,19.49,206979,1,1
12710,"2014-03-02 23:48:30",12074,29.99,9.49,206979,4,0
12711,"2014-03-03 00:02:30",12075,49.99,19.49,206981,1,1
12712,"2014-03-03 00:09:25",12076,45.99,14.49,206987,3,1
12713,"2014-03-03 00:09:25",12076,49.99,19.49,206987,1,0
12714,"2014-03-03 00:12:54",12077,59.99,22.49,206988,2,1
12715,"2014-03-03 00:44:45",12078,49.99,19.49,206998,1,1
12716,"2014-03-03 01:22:15",12079,49.99,19.49,207005,1,1
12717,"2014-03-03 01:22:15",12079,29.99,9.49,207005,4,0
12718,"2014-03-03 03:16:35",12080,59.99,22.49,207022,2,1
12719,"2014-03-03 08:16:21",12081,49.99,19.49,207080,1,1
12720,"2014-03-03 09:19:50",12082,49.99,19.49,207098,1,1
12721,"2014-03-03 09:19:50",12082,59.99,22.49,207098,2,0
12722,"2014-03-03 09:36:06",12083,49.99,19.49,207104,1,1
12723,"2014-03-03 10:04:02",12084,49.99,19.49,207121,1,1
12724,"2014-03-03 10:27:47",12085,49.99,19.49,207132,1,1
12725,"2014-03-03 10:28:39",12086,45.99,14.49,207131,3,1
12726,"2014-03-03 10:28:39",12086,49.99,19.49,207131,1,0
12727,"2014-03-03 10:36:08",12087,49.99,19.49,207133,1,1
12728,"2014-03-03 10:36:08",12087,45.99,14.49,207133,3,0
12729,"2014-03-03 11:37:54",12088,59.99,22.49,207170,2,1
12730,"2014-03-03 12:10:06",12089,45.99,14.49,207199,3,1
12731,"2014-03-03 12:17:25",12090,49.99,19.49,207200,1,1
12732,"2014-03-03 12:21:00",12091,49.99,19.49,207201,1,1
12733,"2014-03-03 12:22:35",12092,49.99,19.49,207205,1,1
12734,"2014-03-03 12:22:35",12092,59.99,22.49,207205,2,0
12735,"2014-03-03 12:48:35",12093,49.99,19.49,207227,1,1
12736,"2014-03-03 13:13:32",12094,49.99,19.49,207242,1,1
12737,"2014-03-03 13:13:49",12095,49.99,19.49,207238,1,1
12738,"2014-03-03 13:26:11",12096,49.99,19.49,207243,1,1
12739,"2014-03-03 13:48:42",12097,59.99,22.49,207250,2,1
12740,"2014-03-03 14:13:12",12098,49.99,19.49,207264,1,1
12741,"2014-03-03 14:25:34",12099,49.99,19.49,207277,1,1
12742,"2014-03-03 14:25:34",12099,45.99,14.49,207277,3,0
12743,"2014-03-03 14:32:35",12100,59.99,22.49,207279,2,1
12744,"2014-03-03 14:37:01",12101,49.99,19.49,207291,1,1
12745,"2014-03-03 14:40:46",12102,59.99,22.49,207294,2,1
12746,"2014-03-03 15:59:03",12103,49.99,19.49,207335,1,1
12747,"2014-03-03 17:01:21",12104,49.99,19.49,207369,1,1
12748,"2014-03-03 17:48:12",12105,49.99,19.49,207409,1,1
12749,"2014-03-03 18:16:14",12106,49.99,19.49,207431,1,1
12750,"2014-03-03 18:16:14",12106,29.99,9.49,207431,4,0
12751,"2014-03-03 18:30:01",12107,49.99,19.49,207439,1,1
12752,"2014-03-03 18:58:07",12108,45.99,14.49,207454,3,1
12753,"2014-03-03 18:58:07",12108,49.99,19.49,207454,1,0
12754,"2014-03-03 19:45:56",12109,49.99,19.49,207481,1,1
12755,"2014-03-03 19:46:48",12110,45.99,14.49,207482,3,1
12756,"2014-03-03 19:48:25",12111,49.99,19.49,207480,1,1
12757,"2014-03-03 19:53:44",12112,49.99,19.49,207483,1,1
12758,"2014-03-03 21:11:29",12113,49.99,19.49,207510,1,1
12759,"2014-03-03 21:11:29",12113,29.99,9.49,207510,4,0
12760,"2014-03-03 22:31:39",12114,59.99,22.49,207533,2,1
12761,"2014-03-03 23:12:32",12115,45.99,14.49,207542,3,1
12762,"2014-03-04 01:32:01",12116,49.99,19.49,207577,1,1
12763,"2014-03-04 01:32:01",12116,45.99,14.49,207577,3,0
12764,"2014-03-04 01:45:13",12117,59.99,22.49,207579,2,1
12765,"2014-03-04 01:53:13",12118,49.99,19.49,207585,1,1
12766,"2014-03-04 01:53:13",12118,29.99,9.49,207585,4,0
12767,"2014-03-04 02:48:19",12119,49.99,19.49,207593,1,1
12768,"2014-03-04 03:57:02",12120,49.99,19.49,207600,1,1
12769,"2014-03-04 07:02:06",12121,45.99,14.49,207624,3,1
12770,"2014-03-04 07:45:38",12122,59.99,22.49,207637,2,1
12771,"2014-03-04 07:45:38",12122,49.99,19.49,207637,1,0
12772,"2014-03-04 08:04:16",12123,49.99,19.49,207638,1,1
12773,"2014-03-04 08:13:12",12124,49.99,19.49,207640,1,1
12774,"2014-03-04 08:33:24",12125,59.99,22.49,207643,2,1
12775,"2014-03-04 08:54:00",12126,49.99,19.49,207659,1,1
12776,"2014-03-04 08:54:00",12126,59.99,22.49,207659,2,0
12777,"2014-03-04 09:36:17",12127,49.99,19.49,207674,1,1
12778,"2014-03-04 09:56:52",12128,49.99,19.49,207691,1,1
12779,"2014-03-04 10:27:15",12129,49.99,19.49,207712,1,1
12780,"2014-03-04 11:27:47",12130,49.99,19.49,207757,1,1
12781,"2014-03-04 11:27:47",12130,29.99,9.49,207757,4,0
12782,"2014-03-04 12:35:08",12131,59.99,22.49,207801,2,1
12783,"2014-03-04 12:35:08",12131,29.99,9.49,207801,4,0
12784,"2014-03-04 12:47:46",12132,49.99,19.49,207813,1,1
12785,"2014-03-04 12:47:46",12132,29.99,9.49,207813,4,0
12786,"2014-03-04 12:51:31",12133,59.99,22.49,207812,2,1
12787,"2014-03-04 13:07:08",12134,49.99,19.49,207828,1,1
12788,"2014-03-04 13:11:32",12135,45.99,14.49,207838,3,1
12789,"2014-03-04 13:11:32",12135,59.99,22.49,207838,2,0
12790,"2014-03-04 13:12:31",12136,49.99,19.49,207839,1,1
12791,"2014-03-04 13:12:31",12136,29.99,9.49,207839,4,0
12792,"2014-03-04 13:47:23",12137,49.99,19.49,207861,1,1
12793,"2014-03-04 15:27:32",12138,49.99,19.49,207945,1,1
12794,"2014-03-04 15:36:58",12139,49.99,19.49,207953,1,1
12795,"2014-03-04 16:01:46",12140,49.99,19.49,207987,1,1
12796,"2014-03-04 16:51:31",12141,59.99,22.49,208013,2,1
12797,"2014-03-04 16:55:36",12142,49.99,19.49,208022,1,1
12798,"2014-03-04 17:21:23",12143,49.99,19.49,208042,1,1
12799,"2014-03-04 17:32:02",12144,45.99,14.49,208053,3,1
12800,"2014-03-04 17:36:06",12145,49.99,19.49,208052,1,1
12801,"2014-03-04 17:36:06",12145,29.99,9.49,208052,4,0
12802,"2014-03-04 17:54:05",12146,45.99,14.49,208060,3,1
12803,"2014-03-04 18:08:16",12147,59.99,22.49,208069,2,1
12804,"2014-03-04 18:08:16",12147,29.99,9.49,208069,4,0
12805,"2014-03-04 19:39:56",12148,49.99,19.49,208127,1,1
12806,"2014-03-04 19:39:56",12148,29.99,9.49,208127,4,0
12807,"2014-03-04 19:40:52",12149,49.99,19.49,208128,1,1
12808,"2014-03-04 20:13:36",12150,49.99,19.49,208148,1,1
12809,"2014-03-04 20:13:36",12150,59.99,22.49,208148,2,0
12810,"2014-03-04 20:21:22",12151,49.99,19.49,208150,1,1
12811,"2014-03-04 21:08:15",12152,45.99,14.49,208173,3,1
12812,"2014-03-04 21:12:34",12153,45.99,14.49,208180,3,1
12813,"2014-03-04 21:17:46",12154,59.99,22.49,208182,2,1
12814,"2014-03-04 21:40:45",12155,49.99,19.49,208190,1,1
12815,"2014-03-04 21:40:45",12155,59.99,22.49,208190,2,0
12816,"2014-03-04 22:33:28",12156,59.99,22.49,208204,2,1
12817,"2014-03-04 22:33:28",12156,29.99,9.49,208204,4,0
12818,"2014-03-05 00:19:43",12157,49.99,19.49,208239,1,1
12819,"2014-03-05 00:50:52",12158,45.99,14.49,208249,3,1
12820,"2014-03-05 01:52:55",12159,49.99,19.49,208259,1,1
12821,"2014-03-05 02:43:06",12160,49.99,19.49,208271,1,1
12822,"2014-03-05 08:41:13",12161,49.99,19.49,208336,1,1
12823,"2014-03-05 09:50:24",12162,59.99,22.49,208363,2,1
12824,"2014-03-05 09:53:57",12163,49.99,19.49,208373,1,1
12825,"2014-03-05 10:53:07",12164,49.99,19.49,208421,1,1
12826,"2014-03-05 11:02:34",12165,49.99,19.49,208433,1,1
12827,"2014-03-05 11:28:46",12166,49.99,19.49,208449,1,1
12828,"2014-03-05 11:42:51",12167,49.99,19.49,208461,1,1
12829,"2014-03-05 11:42:51",12167,45.99,14.49,208461,3,0
12830,"2014-03-05 11:51:02",12168,49.99,19.49,208469,1,1
12831,"2014-03-05 11:51:02",12168,45.99,14.49,208469,3,0
12832,"2014-03-05 12:11:02",12169,49.99,19.49,208483,1,1
12833,"2014-03-05 12:26:48",12170,45.99,14.49,208501,3,1
12834,"2014-03-05 12:27:35",12171,49.99,19.49,208504,1,1
12835,"2014-03-05 12:39:42",12172,45.99,14.49,208513,3,1
12836,"2014-03-05 12:43:27",12173,49.99,19.49,208526,1,1
12837,"2014-03-05 13:05:35",12174,59.99,22.49,208545,2,1
12838,"2014-03-05 13:06:19",12175,49.99,19.49,208538,1,1
12839,"2014-03-05 13:06:19",12175,59.99,22.49,208538,2,0
12840,"2014-03-05 13:11:35",12176,49.99,19.49,208544,1,1
12841,"2014-03-05 13:27:16",12177,49.99,19.49,208563,1,1
12842,"2014-03-05 13:41:07",12178,49.99,19.49,208573,1,1
12843,"2014-03-05 13:41:07",12178,29.99,9.49,208573,4,0
12844,"2014-03-05 14:24:21",12179,59.99,22.49,208601,2,1
12845,"2014-03-05 14:51:40",12180,49.99,19.49,208635,1,1
12846,"2014-03-05 14:51:40",12180,45.99,14.49,208635,3,0
12847,"2014-03-05 15:00:16",12181,49.99,19.49,208644,1,1
12848,"2014-03-05 15:00:16",12181,29.99,9.49,208644,4,0
12849,"2014-03-05 15:05:56",12182,49.99,19.49,208647,1,1
12850,"2014-03-05 15:08:02",12183,45.99,14.49,208648,3,1
12851,"2014-03-05 15:19:37",12184,49.99,19.49,208663,1,1
12852,"2014-03-05 15:30:51",12185,49.99,19.49,208672,1,1
12853,"2014-03-05 15:58:17",12186,49.99,19.49,208693,1,1
12854,"2014-03-05 16:50:22",12187,49.99,19.49,208738,1,1
12855,"2014-03-05 16:50:22",12187,29.99,9.49,208738,4,0
12856,"2014-03-05 17:16:59",12188,49.99,19.49,208772,1,1
12857,"2014-03-05 17:16:59",12188,45.99,14.49,208772,3,0
12858,"2014-03-05 17:50:18",12189,49.99,19.49,208786,1,1
12859,"2014-03-05 18:15:44",12190,49.99,19.49,208800,1,1
12860,"2014-03-05 18:55:54",12191,45.99,14.49,208820,3,1
12861,"2014-03-05 19:16:20",12192,49.99,19.49,208831,1,1
12862,"2014-03-05 19:30:16",12193,49.99,19.49,208839,1,1
12863,"2014-03-05 20:53:39",12194,49.99,19.49,208880,1,1
12864,"2014-03-05 21:08:30",12195,49.99,19.49,208890,1,1
12865,"2014-03-05 21:08:30",12195,29.99,9.49,208890,4,0
12866,"2014-03-05 21:22:20",12196,45.99,14.49,208899,3,1
12867,"2014-03-05 21:22:20",12196,49.99,19.49,208899,1,0
12868,"2014-03-05 22:10:52",12197,49.99,19.49,208918,1,1
12869,"2014-03-05 23:09:23",12198,49.99,19.49,208937,1,1
12870,"2014-03-06 00:20:29",12199,49.99,19.49,208963,1,1
12871,"2014-03-06 00:46:00",12200,49.99,19.49,208969,1,1
12872,"2014-03-06 02:27:30",12201,45.99,14.49,208987,3,1
12873,"2014-03-06 02:27:30",12201,49.99,19.49,208987,1,0
12874,"2014-03-06 02:48:05",12202,59.99,22.49,208991,2,1
12875,"2014-03-06 03:08:59",12203,45.99,14.49,208997,3,1
12876,"2014-03-06 03:18:05",12204,45.99,14.49,209001,3,1
12877,"2014-03-06 03:18:05",12204,29.99,9.49,209001,4,0
12878,"2014-03-06 04:49:02",12205,45.99,14.49,209013,3,1
12879,"2014-03-06 08:10:02",12206,59.99,22.49,209053,2,1
12880,"2014-03-06 08:56:07",12207,59.99,22.49,209085,2,1
12881,"2014-03-06 08:59:35",12208,59.99,22.49,209080,2,1
12882,"2014-03-06 09:13:59",12209,49.99,19.49,209090,1,1
12883,"2014-03-06 09:13:59",12209,45.99,14.49,209090,3,0
12884,"2014-03-06 09:39:25",12210,49.99,19.49,209105,1,1
12885,"2014-03-06 09:51:03",12211,49.99,19.49,209115,1,1
12886,"2014-03-06 09:56:45",12212,49.99,19.49,209123,1,1
12887,"2014-03-06 10:15:08",12213,49.99,19.49,209133,1,1
12888,"2014-03-06 10:15:08",12213,29.99,9.49,209133,4,0
12889,"2014-03-06 10:45:07",12214,49.99,19.49,209156,1,1
12890,"2014-03-06 11:17:50",12215,49.99,19.49,209174,1,1
12891,"2014-03-06 11:25:05",12216,49.99,19.49,209181,1,1
12892,"2014-03-06 11:38:28",12217,45.99,14.49,209191,3,1
12893,"2014-03-06 11:44:01",12218,59.99,22.49,209194,2,1
12894,"2014-03-06 12:10:53",12219,49.99,19.49,209217,1,1
12895,"2014-03-06 12:10:53",12219,45.99,14.49,209217,3,0
12896,"2014-03-06 13:10:44",12220,49.99,19.49,209248,1,1
12897,"2014-03-06 13:22:48",12221,45.99,14.49,209261,3,1
12898,"2014-03-06 13:27:04",12222,49.99,19.49,209267,1,1
12899,"2014-03-06 13:43:59",12223,49.99,19.49,209273,1,1
12900,"2014-03-06 13:43:59",12223,45.99,14.49,209273,3,0
12901,"2014-03-06 13:46:16",12224,49.99,19.49,209284,1,1
12902,"2014-03-06 13:58:10",12225,45.99,14.49,209288,3,1
12903,"2014-03-06 13:58:10",12225,49.99,19.49,209288,1,0
12904,"2014-03-06 14:46:32",12226,49.99,19.49,209335,1,1
12905,"2014-03-06 14:46:32",12226,29.99,9.49,209335,4,0
12906,"2014-03-06 14:52:44",12227,49.99,19.49,209345,1,1
12907,"2014-03-06 15:21:38",12228,49.99,19.49,209361,1,1
12908,"2014-03-06 15:21:38",12228,29.99,9.49,209361,4,0
12909,"2014-03-06 15:43:16",12229,49.99,19.49,209372,1,1
12910,"2014-03-06 16:39:23",12230,49.99,19.49,209422,1,1
12911,"2014-03-06 16:50:21",12231,45.99,14.49,209428,3,1
12912,"2014-03-06 17:23:36",12232,49.99,19.49,209449,1,1
12913,"2014-03-06 17:23:36",12232,29.99,9.49,209449,4,0
12914,"2014-03-06 17:30:32",12233,59.99,22.49,209456,2,1
12915,"2014-03-06 19:47:13",12234,49.99,19.49,209516,1,1
12916,"2014-03-06 20:04:53",12235,49.99,19.49,209521,1,1
12917,"2014-03-06 20:31:00",12236,49.99,19.49,209536,1,1
12918,"2014-03-06 21:46:55",12237,49.99,19.49,209574,1,1
12919,"2014-03-06 22:54:21",12238,49.99,19.49,209603,1,1
12920,"2014-03-07 02:19:10",12239,49.99,19.49,209644,1,1
12921,"2014-03-07 06:41:43",12240,49.99,19.49,209693,1,1
12922,"2014-03-07 06:41:43",12240,29.99,9.49,209693,4,0
12923,"2014-03-07 07:08:47",12241,45.99,14.49,209701,3,1
12924,"2014-03-07 07:08:47",12241,29.99,9.49,209701,4,0
12925,"2014-03-07 07:09:07",12242,45.99,14.49,209700,3,1
12926,"2014-03-07 07:09:07",12242,29.99,9.49,209700,4,0
12927,"2014-03-07 07:29:52",12243,49.99,19.49,209711,1,1
12928,"2014-03-07 08:49:00",12244,49.99,19.49,209738,1,1
12929,"2014-03-07 09:48:29",12245,49.99,19.49,209771,1,1
12930,"2014-03-07 09:48:29",12245,29.99,9.49,209771,4,0
12931,"2014-03-07 09:51:25",12246,49.99,19.49,209774,1,1
12932,"2014-03-07 09:51:25",12246,29.99,9.49,209774,4,0
12933,"2014-03-07 10:18:38",12247,49.99,19.49,209790,1,1
12934,"2014-03-07 10:18:38",12247,45.99,14.49,209790,3,0
12935,"2014-03-07 10:54:15",12248,49.99,19.49,209804,1,1
12936,"2014-03-07 11:29:41",12249,59.99,22.49,209839,2,1
12937,"2014-03-07 11:29:41",12249,29.99,9.49,209839,4,0
12938,"2014-03-07 11:31:36",12250,49.99,19.49,209846,1,1
12939,"2014-03-07 11:34:54",12251,49.99,19.49,209844,1,1
12940,"2014-03-07 11:38:48",12252,49.99,19.49,209852,1,1
12941,"2014-03-07 13:39:57",12253,49.99,19.49,209924,1,1
12942,"2014-03-07 13:43:22",12254,49.99,19.49,209930,1,1
12943,"2014-03-07 14:53:12",12255,49.99,19.49,209979,1,1
12944,"2014-03-07 15:13:14",12256,49.99,19.49,209987,1,1
12945,"2014-03-07 15:44:02",12257,49.99,19.49,210004,1,1
12946,"2014-03-07 15:44:02",12257,29.99,9.49,210004,4,0
12947,"2014-03-07 16:39:34",12258,45.99,14.49,210038,3,1
12948,"2014-03-07 16:39:34",12258,29.99,9.49,210038,4,0
12949,"2014-03-07 17:43:34",12259,45.99,14.49,210079,3,1
12950,"2014-03-07 18:47:54",12260,45.99,14.49,210112,3,1
12951,"2014-03-07 19:08:09",12261,59.99,22.49,210127,2,1
12952,"2014-03-07 19:08:09",12261,29.99,9.49,210127,4,0
12953,"2014-03-07 19:15:07",12262,45.99,14.49,210129,3,1
12954,"2014-03-07 19:15:07",12262,49.99,19.49,210129,1,0
12955,"2014-03-07 20:04:10",12263,49.99,19.49,210147,1,1
12956,"2014-03-07 20:58:39",12264,49.99,19.49,210171,1,1
12957,"2014-03-07 20:58:39",12264,29.99,9.49,210171,4,0
12958,"2014-03-07 23:59:34",12265,49.99,19.49,210208,1,1
12959,"2014-03-08 00:25:29",12266,49.99,19.49,210215,1,1
12960,"2014-03-08 01:10:19",12267,45.99,14.49,210224,3,1
12961,"2014-03-08 01:32:02",12268,49.99,19.49,210228,1,1
12962,"2014-03-08 01:32:02",12268,29.99,9.49,210228,4,0
12963,"2014-03-08 07:36:18",12269,49.99,19.49,210264,1,1
12964,"2014-03-08 07:36:18",12269,29.99,9.49,210264,4,0
12965,"2014-03-08 07:43:16",12270,49.99,19.49,210266,1,1
12966,"2014-03-08 09:09:45",12271,49.99,19.49,210284,1,1
12967,"2014-03-08 09:09:45",12271,29.99,9.49,210284,4,0
12968,"2014-03-08 09:58:07",12272,49.99,19.49,210298,1,1
12969,"2014-03-08 10:50:10",12273,49.99,19.49,210314,1,1
12970,"2014-03-08 10:50:10",12273,45.99,14.49,210314,3,0
12971,"2014-03-08 11:12:04",12274,49.99,19.49,210324,1,1
12972,"2014-03-08 12:05:47",12275,49.99,19.49,210340,1,1
12973,"2014-03-08 12:05:47",12275,29.99,9.49,210340,4,0
12974,"2014-03-08 13:11:40",12276,49.99,19.49,210354,1,1
12975,"2014-03-08 13:44:35",12277,49.99,19.49,210368,1,1
12976,"2014-03-08 13:44:35",12277,29.99,9.49,210368,4,0
12977,"2014-03-08 14:04:11",12278,49.99,19.49,210374,1,1
12978,"2014-03-08 14:04:11",12278,29.99,9.49,210374,4,0
12979,"2014-03-08 15:07:51",12279,49.99,19.49,210387,1,1
12980,"2014-03-08 15:07:51",12279,59.99,22.49,210387,2,0
12981,"2014-03-08 15:53:29",12280,49.99,19.49,210400,1,1
12982,"2014-03-08 15:53:29",12280,45.99,14.49,210400,3,0
12983,"2014-03-08 17:59:24",12281,49.99,19.49,210439,1,1
12984,"2014-03-08 17:59:24",12281,29.99,9.49,210439,4,0
12985,"2014-03-08 18:12:57",12282,45.99,14.49,210441,3,1
12986,"2014-03-08 18:24:18",12283,49.99,19.49,210444,1,1
12987,"2014-03-08 18:24:18",12283,45.99,14.49,210444,3,0
12988,"2014-03-08 19:31:33",12284,49.99,19.49,210458,1,1
12989,"2014-03-08 21:33:45",12285,49.99,19.49,210487,1,1
12990,"2014-03-08 23:25:39",12286,45.99,14.49,210516,3,1
12991,"2014-03-08 23:25:39",12286,49.99,19.49,210516,1,0
12992,"2014-03-08 23:27:07",12287,49.99,19.49,210518,1,1
12993,"2014-03-09 00:22:00",12288,59.99,22.49,210530,2,1
12994,"2014-03-09 05:38:30",12289,49.99,19.49,210564,1,1
12995,"2014-03-09 08:25:09",12290,49.99,19.49,210580,1,1
12996,"2014-03-09 08:37:29",12291,59.99,22.49,210587,2,1
12997,"2014-03-09 08:37:29",12291,29.99,9.49,210587,4,0
12998,"2014-03-09 08:51:56",12292,49.99,19.49,210590,1,1
12999,"2014-03-09 08:51:56",12292,29.99,9.49,210590,4,0
13000,"2014-03-09 09:33:17",12293,45.99,14.49,210595,3,1
13001,"2014-03-09 13:09:02",12294,49.99,19.49,210648,1,1
13002,"2014-03-09 13:09:02",12294,45.99,14.49,210648,3,0
13003,"2014-03-09 14:06:22",12295,49.99,19.49,210657,1,1
13004,"2014-03-09 14:06:22",12295,29.99,9.49,210657,4,0
13005,"2014-03-09 14:41:31",12296,59.99,22.49,210670,2,1
13006,"2014-03-09 15:21:14",12297,49.99,19.49,210677,1,1
13007,"2014-03-09 16:13:33",12298,49.99,19.49,210691,1,1
13008,"2014-03-09 16:13:33",12298,59.99,22.49,210691,2,0
13009,"2014-03-09 16:25:17",12299,49.99,19.49,210693,1,1
13010,"2014-03-09 17:03:11",12300,49.99,19.49,210706,1,1
13011,"2014-03-09 18:08:00",12301,49.99,19.49,210725,1,1
13012,"2014-03-09 19:44:20",12302,45.99,14.49,210745,3,1
13013,"2014-03-09 19:44:20",12302,29.99,9.49,210745,4,0
13014,"2014-03-09 19:59:08",12303,49.99,19.49,210747,1,1
13015,"2014-03-09 20:47:00",12304,49.99,19.49,210763,1,1
13016,"2014-03-09 21:32:29",12305,49.99,19.49,210774,1,1
13017,"2014-03-09 22:16:59",12306,49.99,19.49,210791,1,1
13018,"2014-03-09 22:23:31",12307,49.99,19.49,210793,1,1
13019,"2014-03-09 23:09:09",12308,49.99,19.49,210808,1,1
13020,"2014-03-10 00:12:55",12309,49.99,19.49,210826,1,1
13021,"2014-03-10 01:13:39",12310,49.99,19.49,210851,1,1
13022,"2014-03-10 01:33:05",12311,59.99,22.49,210855,2,1
13023,"2014-03-10 01:48:13",12312,49.99,19.49,210858,1,1
13024,"2014-03-10 02:06:45",12313,49.99,19.49,210860,1,1
13025,"2014-03-10 02:53:49",12314,59.99,22.49,210874,2,1
13026,"2014-03-10 03:25:50",12315,49.99,19.49,210877,1,1
13027,"2014-03-10 05:33:58",12316,49.99,19.49,210901,1,1
13028,"2014-03-10 07:00:54",12317,49.99,19.49,210920,1,1
13029,"2014-03-10 07:31:53",12318,45.99,14.49,210929,3,1
13030,"2014-03-10 07:53:10",12319,45.99,14.49,210936,3,1
13031,"2014-03-10 07:53:10",12319,29.99,9.49,210936,4,0
13032,"2014-03-10 08:21:50",12320,49.99,19.49,210948,1,1
13033,"2014-03-10 08:21:50",12320,45.99,14.49,210948,3,0
13034,"2014-03-10 08:29:52",12321,49.99,19.49,210954,1,1
13035,"2014-03-10 08:29:52",12321,45.99,14.49,210954,3,0
13036,"2014-03-10 09:00:32",12322,49.99,19.49,210967,1,1
13037,"2014-03-10 09:00:32",12322,29.99,9.49,210967,4,0
13038,"2014-03-10 09:02:48",12323,49.99,19.49,210970,1,1
13039,"2014-03-10 09:02:48",12323,45.99,14.49,210970,3,0
13040,"2014-03-10 09:40:26",12324,49.99,19.49,210989,1,1
13041,"2014-03-10 10:01:31",12325,59.99,22.49,211001,2,1
13042,"2014-03-10 10:01:31",12325,49.99,19.49,211001,1,0
13043,"2014-03-10 10:06:50",12326,49.99,19.49,211003,1,1
13044,"2014-03-10 11:41:51",12327,49.99,19.49,211059,1,1
13045,"2014-03-10 11:41:51",12327,29.99,9.49,211059,4,0
13046,"2014-03-10 11:52:50",12328,49.99,19.49,211067,1,1
13047,"2014-03-10 12:05:21",12329,49.99,19.49,211074,1,1
13048,"2014-03-10 12:05:21",12329,45.99,14.49,211074,3,0
13049,"2014-03-10 12:11:48",12330,45.99,14.49,211077,3,1
13050,"2014-03-10 12:14:28",12331,45.99,14.49,211079,3,1
13051,"2014-03-10 12:14:28",12331,49.99,19.49,211079,1,0
13052,"2014-03-10 12:22:47",12332,59.99,22.49,211086,2,1
13053,"2014-03-10 12:49:52",12333,59.99,22.49,211110,2,1
13054,"2014-03-10 12:52:05",12334,49.99,19.49,211111,1,1
13055,"2014-03-10 13:08:25",12335,49.99,19.49,211129,1,1
13056,"2014-03-10 13:30:08",12336,59.99,22.49,211147,2,1
13057,"2014-03-10 13:35:25",12337,49.99,19.49,211141,1,1
13058,"2014-03-10 13:44:25",12338,49.99,19.49,211148,1,1
13059,"2014-03-10 14:03:13",12339,45.99,14.49,211167,3,1
13060,"2014-03-10 14:10:11",12340,49.99,19.49,211168,1,1
13061,"2014-03-10 14:17:02",12341,59.99,22.49,211175,2,1
13062,"2014-03-10 15:50:31",12342,49.99,19.49,211228,1,1
13063,"2014-03-10 16:22:11",12343,59.99,22.49,211257,2,1
13064,"2014-03-10 16:38:32",12344,49.99,19.49,211263,1,1
13065,"2014-03-10 16:38:32",12344,29.99,9.49,211263,4,0
13066,"2014-03-10 17:18:35",12345,49.99,19.49,211282,1,1
13067,"2014-03-10 17:35:05",12346,59.99,22.49,211292,2,1
13068,"2014-03-10 17:36:06",12347,49.99,19.49,211295,1,1
13069,"2014-03-10 17:36:06",12347,45.99,14.49,211295,3,0
13070,"2014-03-10 17:45:19",12348,49.99,19.49,211303,1,1
13071,"2014-03-10 17:48:30",12349,49.99,19.49,211314,1,1
13072,"2014-03-10 18:05:22",12350,49.99,19.49,211322,1,1
13073,"2014-03-10 18:20:42",12351,49.99,19.49,211328,1,1
13074,"2014-03-10 18:58:33",12352,45.99,14.49,211342,3,1
13075,"2014-03-10 19:46:19",12353,45.99,14.49,211366,3,1
13076,"2014-03-10 20:07:58",12354,49.99,19.49,211375,1,1
13077,"2014-03-10 20:09:33",12355,49.99,19.49,211382,1,1
13078,"2014-03-10 21:42:36",12356,49.99,19.49,211412,1,1
13079,"2014-03-10 23:31:01",12357,45.99,14.49,211451,3,1
13080,"2014-03-11 04:13:49",12358,59.99,22.49,211509,2,1
13081,"2014-03-11 04:13:49",12358,45.99,14.49,211509,3,0
13082,"2014-03-11 05:16:31",12359,49.99,19.49,211520,1,1
13083,"2014-03-11 05:16:31",12359,45.99,14.49,211520,3,0
13084,"2014-03-11 06:02:54",12360,49.99,19.49,211524,1,1
13085,"2014-03-11 06:29:59",12361,49.99,19.49,211532,1,1
13086,"2014-03-11 07:05:30",12362,49.99,19.49,211541,1,1
13087,"2014-03-11 07:41:26",12363,45.99,14.49,211553,3,1
13088,"2014-03-11 07:41:26",12363,49.99,19.49,211553,1,0
13089,"2014-03-11 08:23:07",12364,49.99,19.49,211562,1,1
13090,"2014-03-11 09:08:09",12365,49.99,19.49,211581,1,1
13091,"2014-03-11 09:29:13",12366,59.99,22.49,211588,2,1
13092,"2014-03-11 09:29:13",12366,45.99,14.49,211588,3,0
13093,"2014-03-11 09:48:46",12367,49.99,19.49,211601,1,1
13094,"2014-03-11 09:48:46",12367,29.99,9.49,211601,4,0
13095,"2014-03-11 09:50:00",12368,45.99,14.49,211603,3,1
13096,"2014-03-11 09:52:22",12369,49.99,19.49,211605,1,1
13097,"2014-03-11 09:54:52",12370,49.99,19.49,211611,1,1
13098,"2014-03-11 09:54:52",12370,29.99,9.49,211611,4,0
13099,"2014-03-11 09:57:08",12371,49.99,19.49,211610,1,1
13100,"2014-03-11 10:14:58",12372,59.99,22.49,211615,2,1
13101,"2014-03-11 10:26:53",12373,49.99,19.49,211629,1,1
13102,"2014-03-11 10:26:53",12373,29.99,9.49,211629,4,0
13103,"2014-03-11 11:08:01",12374,49.99,19.49,211658,1,1
13104,"2014-03-11 11:08:01",12374,29.99,9.49,211658,4,0
13105,"2014-03-11 11:30:19",12375,49.99,19.49,211678,1,1
13106,"2014-03-11 11:30:19",12375,29.99,9.49,211678,4,0
13107,"2014-03-11 12:28:34",12376,49.99,19.49,211726,1,1
13108,"2014-03-11 12:33:06",12377,49.99,19.49,211725,1,1
13109,"2014-03-11 12:39:57",12378,49.99,19.49,211733,1,1
13110,"2014-03-11 13:29:36",12379,49.99,19.49,211758,1,1
13111,"2014-03-11 13:39:55",12380,49.99,19.49,211764,1,1
13112,"2014-03-11 14:25:14",12381,45.99,14.49,211797,3,1
13113,"2014-03-11 14:39:28",12382,49.99,19.49,211809,1,1
13114,"2014-03-11 14:39:28",12382,45.99,14.49,211809,3,0
13115,"2014-03-11 14:39:45",12383,49.99,19.49,211806,1,1
13116,"2014-03-11 15:06:51",12384,49.99,19.49,211827,1,1
13117,"2014-03-11 15:18:23",12385,49.99,19.49,211832,1,1
13118,"2014-03-11 15:25:47",12386,49.99,19.49,211842,1,1
13119,"2014-03-11 15:42:45",12387,59.99,22.49,211848,2,1
13120,"2014-03-11 15:48:56",12388,49.99,19.49,211850,1,1
13121,"2014-03-11 15:48:56",12388,59.99,22.49,211850,2,0
13122,"2014-03-11 16:01:47",12389,49.99,19.49,211863,1,1
13123,"2014-03-11 16:08:24",12390,45.99,14.49,211864,3,1
13124,"2014-03-11 16:20:06",12391,49.99,19.49,211872,1,1
13125,"2014-03-11 16:35:59",12392,45.99,14.49,211879,3,1
13126,"2014-03-11 16:35:59",12392,59.99,22.49,211879,2,0
13127,"2014-03-11 16:38:20",12393,49.99,19.49,211882,1,1
13128,"2014-03-11 16:54:59",12394,49.99,19.49,211896,1,1
13129,"2014-03-11 16:54:59",12394,45.99,14.49,211896,3,0
13130,"2014-03-11 17:19:01",12395,59.99,22.49,211908,2,1
13131,"2014-03-11 17:56:42",12396,59.99,22.49,211929,2,1
13132,"2014-03-11 18:39:49",12397,49.99,19.49,211941,1,1
13133,"2014-03-11 18:40:55",12398,49.99,19.49,211944,1,1
13134,"2014-03-11 18:48:38",12399,49.99,19.49,211953,1,1
13135,"2014-03-11 19:17:20",12400,49.99,19.49,211964,1,1
13136,"2014-03-11 19:33:15",12401,59.99,22.49,211975,2,1
13137,"2014-03-11 20:27:28",12402,49.99,19.49,211998,1,1
13138,"2014-03-11 21:13:25",12403,59.99,22.49,212027,2,1
13139,"2014-03-11 22:39:28",12404,49.99,19.49,212065,1,1
13140,"2014-03-11 23:07:10",12405,49.99,19.49,212076,1,1
13141,"2014-03-12 00:29:03",12406,49.99,19.49,212105,1,1
13142,"2014-03-12 00:32:25",12407,49.99,19.49,212104,1,1
13143,"2014-03-12 01:08:58",12408,49.99,19.49,212113,1,1
13144,"2014-03-12 01:08:58",12408,45.99,14.49,212113,3,0
13145,"2014-03-12 01:42:02",12409,49.99,19.49,212122,1,1
13146,"2014-03-12 02:03:13",12410,59.99,22.49,212126,2,1
13147,"2014-03-12 02:12:09",12411,49.99,19.49,212130,1,1
13148,"2014-03-12 06:24:14",12412,49.99,19.49,212185,1,1
13149,"2014-03-12 07:02:43",12413,49.99,19.49,212199,1,1
13150,"2014-03-12 07:40:28",12414,49.99,19.49,212207,1,1
13151,"2014-03-12 07:40:28",12414,59.99,22.49,212207,2,0
13152,"2014-03-12 07:58:43",12415,59.99,22.49,212215,2,1
13153,"2014-03-12 08:22:04",12416,45.99,14.49,212222,3,1
13154,"2014-03-12 08:30:51",12417,49.99,19.49,212226,1,1
13155,"2014-03-12 09:29:40",12418,49.99,19.49,212256,1,1
13156,"2014-03-12 09:41:09",12419,49.99,19.49,212266,1,1
13157,"2014-03-12 09:47:16",12420,49.99,19.49,212273,1,1
13158,"2014-03-12 09:50:05",12421,59.99,22.49,212275,2,1
13159,"2014-03-12 10:09:13",12422,49.99,19.49,212291,1,1
13160,"2014-03-12 11:13:46",12423,49.99,19.49,212346,1,1
13161,"2014-03-12 11:16:36",12424,49.99,19.49,212342,1,1
13162,"2014-03-12 12:31:05",12425,49.99,19.49,212410,1,1
13163,"2014-03-12 12:32:55",12426,49.99,19.49,212414,1,1
13164,"2014-03-12 12:33:06",12427,49.99,19.49,212412,1,1
13165,"2014-03-12 13:27:33",12428,49.99,19.49,212459,1,1
13166,"2014-03-12 13:49:52",12429,49.99,19.49,212478,1,1
13167,"2014-03-12 14:35:13",12430,49.99,19.49,212513,1,1
13168,"2014-03-12 15:06:31",12431,49.99,19.49,212529,1,1
13169,"2014-03-12 15:06:31",12431,59.99,22.49,212529,2,0
13170,"2014-03-12 15:19:34",12432,49.99,19.49,212551,1,1
13171,"2014-03-12 15:46:49",12433,49.99,19.49,212577,1,1
13172,"2014-03-12 15:52:51",12434,59.99,22.49,212579,2,1
13173,"2014-03-12 16:10:36",12435,59.99,22.49,212597,2,1
13174,"2014-03-12 16:10:36",12435,29.99,9.49,212597,4,0
13175,"2014-03-12 16:16:38",12436,49.99,19.49,212603,1,1
13176,"2014-03-12 16:31:08",12437,49.99,19.49,212616,1,1
13177,"2014-03-12 16:31:08",12437,29.99,9.49,212616,4,0
13178,"2014-03-12 16:44:26",12438,49.99,19.49,212627,1,1
13179,"2014-03-12 17:04:08",12439,49.99,19.49,212653,1,1
13180,"2014-03-12 17:04:08",12439,45.99,14.49,212653,3,0
13181,"2014-03-12 18:06:28",12440,59.99,22.49,212686,2,1
13182,"2014-03-12 18:08:53",12441,49.99,19.49,212692,1,1
13183,"2014-03-12 18:08:53",12441,29.99,9.49,212692,4,0
13184,"2014-03-12 18:49:32",12442,45.99,14.49,212712,3,1
13185,"2014-03-12 19:21:16",12443,49.99,19.49,212728,1,1
13186,"2014-03-12 19:38:12",12444,49.99,19.49,212737,1,1
13187,"2014-03-12 19:38:12",12444,29.99,9.49,212737,4,0
13188,"2014-03-12 19:44:02",12445,49.99,19.49,212741,1,1
13189,"2014-03-12 19:44:02",12445,29.99,9.49,212741,4,0
13190,"2014-03-12 20:39:42",12446,49.99,19.49,212760,1,1
13191,"2014-03-12 20:48:20",12447,49.99,19.49,212767,1,1
13192,"2014-03-12 20:48:20",12447,29.99,9.49,212767,4,0
13193,"2014-03-12 20:51:26",12448,49.99,19.49,212768,1,1
13194,"2014-03-12 20:51:26",12448,29.99,9.49,212768,4,0
13195,"2014-03-12 20:51:37",12449,49.99,19.49,212771,1,1
13196,"2014-03-12 20:51:37",12449,29.99,9.49,212771,4,0
13197,"2014-03-12 23:28:48",12450,49.99,19.49,212824,1,1
13198,"2014-03-12 23:55:42",12451,49.99,19.49,212837,1,1
13199,"2014-03-12 23:55:42",12451,29.99,9.49,212837,4,0
13200,"2014-03-13 00:06:37",12452,49.99,19.49,212840,1,1
13201,"2014-03-13 00:06:37",12452,29.99,9.49,212840,4,0
13202,"2014-03-13 00:15:31",12453,45.99,14.49,212842,3,1
13203,"2014-03-13 00:15:31",12453,29.99,9.49,212842,4,0
13204,"2014-03-13 01:07:39",12454,49.99,19.49,212858,1,1
13205,"2014-03-13 01:14:21",12455,45.99,14.49,212859,3,1
13206,"2014-03-13 02:16:24",12456,49.99,19.49,212876,1,1
13207,"2014-03-13 02:19:20",12457,49.99,19.49,212875,1,1
13208,"2014-03-13 02:19:20",12457,29.99,9.49,212875,4,0
13209,"2014-03-13 03:15:54",12458,45.99,14.49,212886,3,1
13210,"2014-03-13 03:15:54",12458,29.99,9.49,212886,4,0
13211,"2014-03-13 04:34:03",12459,49.99,19.49,212900,1,1
13212,"2014-03-13 04:34:03",12459,29.99,9.49,212900,4,0
13213,"2014-03-13 05:55:32",12460,49.99,19.49,212923,1,1
13214,"2014-03-13 06:02:26",12461,59.99,22.49,212922,2,1
13215,"2014-03-13 06:46:50",12462,59.99,22.49,212933,2,1
13216,"2014-03-13 07:12:25",12463,49.99,19.49,212937,1,1
13217,"2014-03-13 07:32:17",12464,49.99,19.49,212945,1,1
13218,"2014-03-13 08:16:10",12465,49.99,19.49,212964,1,1
13219,"2014-03-13 08:55:56",12466,49.99,19.49,212980,1,1
13220,"2014-03-13 08:55:56",12466,45.99,14.49,212980,3,0
13221,"2014-03-13 09:06:42",12467,49.99,19.49,212983,1,1
13222,"2014-03-13 09:46:48",12468,49.99,19.49,212999,1,1
13223,"2014-03-13 10:24:41",12469,49.99,19.49,213023,1,1
13224,"2014-03-13 10:34:45",12470,49.99,19.49,213037,1,1
13225,"2014-03-13 11:22:25",12471,49.99,19.49,213071,1,1
13226,"2014-03-13 11:26:44",12472,45.99,14.49,213077,3,1
13227,"2014-03-13 11:29:46",12473,49.99,19.49,213081,1,1
13228,"2014-03-13 11:29:46",12473,59.99,22.49,213081,2,0
13229,"2014-03-13 11:40:12",12474,59.99,22.49,213089,2,1
13230,"2014-03-13 11:40:12",12474,29.99,9.49,213089,4,0
13231,"2014-03-13 11:46:53",12475,49.99,19.49,213097,1,1
13232,"2014-03-13 11:51:14",12476,49.99,19.49,213099,1,1
13233,"2014-03-13 11:56:37",12477,49.99,19.49,213100,1,1
13234,"2014-03-13 11:56:43",12478,49.99,19.49,213111,1,1
13235,"2014-03-13 11:59:49",12479,49.99,19.49,213108,1,1
13236,"2014-03-13 12:04:26",12480,59.99,22.49,213121,2,1
13237,"2014-03-13 12:10:59",12481,49.99,19.49,213126,1,1
13238,"2014-03-13 12:10:59",12481,45.99,14.49,213126,3,0
13239,"2014-03-13 12:13:10",12482,49.99,19.49,213117,1,1
13240,"2014-03-13 13:11:57",12483,49.99,19.49,213162,1,1
13241,"2014-03-13 13:11:57",12483,29.99,9.49,213162,4,0
13242,"2014-03-13 13:20:49",12484,49.99,19.49,213163,1,1
13243,"2014-03-13 13:20:49",12484,29.99,9.49,213163,4,0
13244,"2014-03-13 13:38:01",12485,45.99,14.49,213180,3,1
13245,"2014-03-13 13:45:23",12486,49.99,19.49,213189,1,1
13246,"2014-03-13 14:34:08",12487,59.99,22.49,213218,2,1
13247,"2014-03-13 14:42:35",12488,49.99,19.49,213227,1,1
13248,"2014-03-13 14:55:04",12489,49.99,19.49,213235,1,1
13249,"2014-03-13 15:27:31",12490,49.99,19.49,213254,1,1
13250,"2014-03-13 15:27:31",12490,29.99,9.49,213254,4,0
13251,"2014-03-13 16:20:59",12491,45.99,14.49,213300,3,1
13252,"2014-03-13 16:20:59",12491,29.99,9.49,213300,4,0
13253,"2014-03-13 16:50:34",12492,49.99,19.49,213320,1,1
13254,"2014-03-13 17:30:21",12493,49.99,19.49,213341,1,1
13255,"2014-03-13 17:30:33",12494,49.99,19.49,213347,1,1
13256,"2014-03-13 18:35:16",12495,45.99,14.49,213387,3,1
13257,"2014-03-13 18:35:16",12495,29.99,9.49,213387,4,0
13258,"2014-03-13 18:59:08",12496,59.99,22.49,213393,2,1
13259,"2014-03-13 19:15:46",12497,45.99,14.49,213404,3,1
13260,"2014-03-13 19:57:59",12498,59.99,22.49,213418,2,1
13261,"2014-03-13 20:40:16",12499,45.99,14.49,213434,3,1
13262,"2014-03-13 21:57:39",12500,49.99,19.49,213471,1,1
13263,"2014-03-13 22:28:16",12501,49.99,19.49,213493,1,1
13264,"2014-03-13 23:42:28",12502,45.99,14.49,213518,3,1
13265,"2014-03-13 23:42:28",12502,49.99,19.49,213518,1,0
13266,"2014-03-13 23:53:56",12503,49.99,19.49,213519,1,1
13267,"2014-03-13 23:53:56",12503,45.99,14.49,213519,3,0
13268,"2014-03-14 00:30:31",12504,49.99,19.49,213531,1,1
13269,"2014-03-14 01:22:12",12505,49.99,19.49,213542,1,1
13270,"2014-03-14 01:22:12",12505,29.99,9.49,213542,4,0
13271,"2014-03-14 01:24:03",12506,49.99,19.49,213546,1,1
13272,"2014-03-14 01:24:03",12506,45.99,14.49,213546,3,0
13273,"2014-03-14 02:13:28",12507,49.99,19.49,213561,1,1
13274,"2014-03-14 04:32:03",12508,49.99,19.49,213586,1,1
13275,"2014-03-14 04:32:03",12508,45.99,14.49,213586,3,0
13276,"2014-03-14 06:45:44",12509,49.99,19.49,213605,1,1
13277,"2014-03-14 06:45:44",12509,29.99,9.49,213605,4,0
13278,"2014-03-14 06:46:15",12510,49.99,19.49,213602,1,1
13279,"2014-03-14 10:01:00",12511,49.99,19.49,213692,1,1
13280,"2014-03-14 10:01:00",12511,29.99,9.49,213692,4,0
13281,"2014-03-14 10:03:31",12512,49.99,19.49,213696,1,1
13282,"2014-03-14 10:13:17",12513,49.99,19.49,213697,1,1
13283,"2014-03-14 10:52:21",12514,49.99,19.49,213727,1,1
13284,"2014-03-14 11:10:14",12515,45.99,14.49,213735,3,1
13285,"2014-03-14 11:43:18",12516,45.99,14.49,213758,3,1
13286,"2014-03-14 11:51:05",12517,49.99,19.49,213771,1,1
13287,"2014-03-14 11:51:05",12517,29.99,9.49,213771,4,0
13288,"2014-03-14 12:03:40",12518,49.99,19.49,213776,1,1
13289,"2014-03-14 12:11:34",12519,49.99,19.49,213786,1,1
13290,"2014-03-14 12:11:34",12519,29.99,9.49,213786,4,0
13291,"2014-03-14 13:22:18",12520,59.99,22.49,213818,2,1
13292,"2014-03-14 13:22:18",12520,29.99,9.49,213818,4,0
13293,"2014-03-14 14:10:12",12521,45.99,14.49,213838,3,1
13294,"2014-03-14 14:18:29",12522,49.99,19.49,213846,1,1
13295,"2014-03-14 14:18:29",12522,29.99,9.49,213846,4,0
13296,"2014-03-14 14:30:24",12523,45.99,14.49,213853,3,1
13297,"2014-03-14 14:30:24",12523,59.99,22.49,213853,2,0
13298,"2014-03-14 14:34:14",12524,49.99,19.49,213857,1,1
13299,"2014-03-14 14:56:26",12525,49.99,19.49,213866,1,1
13300,"2014-03-14 14:56:26",12525,45.99,14.49,213866,3,0
13301,"2014-03-14 14:56:49",12526,49.99,19.49,213864,1,1
13302,"2014-03-14 15:12:33",12527,59.99,22.49,213884,2,1
13303,"2014-03-14 15:36:10",12528,49.99,19.49,213902,1,1
13304,"2014-03-14 15:36:10",12528,45.99,14.49,213902,3,0
13305,"2014-03-14 16:20:55",12529,49.99,19.49,213950,1,1
13306,"2014-03-14 16:20:55",12529,29.99,9.49,213950,4,0
13307,"2014-03-14 17:22:12",12530,45.99,14.49,213982,3,1
13308,"2014-03-14 17:26:27",12531,59.99,22.49,213987,2,1
13309,"2014-03-14 18:04:00",12532,49.99,19.49,214011,1,1
13310,"2014-03-14 18:11:32",12533,49.99,19.49,214006,1,1
13311,"2014-03-14 18:45:29",12534,49.99,19.49,214030,1,1
13312,"2014-03-14 18:45:29",12534,59.99,22.49,214030,2,0
13313,"2014-03-14 19:13:01",12535,49.99,19.49,214048,1,1
13314,"2014-03-14 19:13:01",12535,29.99,9.49,214048,4,0
13315,"2014-03-14 19:55:26",12536,49.99,19.49,214059,1,1
13316,"2014-03-14 19:55:26",12536,29.99,9.49,214059,4,0
13317,"2014-03-14 21:26:52",12537,49.99,19.49,214089,1,1
13318,"2014-03-14 21:26:52",12537,59.99,22.49,214089,2,0
13319,"2014-03-14 21:27:30",12538,59.99,22.49,214088,2,1
13320,"2014-03-14 21:27:30",12538,45.99,14.49,214088,3,0
13321,"2014-03-14 21:45:03",12539,45.99,14.49,214093,3,1
13322,"2014-03-14 21:45:03",12539,59.99,22.49,214093,2,0
13323,"2014-03-15 03:44:06",12540,59.99,22.49,214169,2,1
13324,"2014-03-15 05:24:56",12541,59.99,22.49,214178,2,1
13325,"2014-03-15 07:18:35",12542,49.99,19.49,214193,1,1
13326,"2014-03-15 07:18:35",12542,29.99,9.49,214193,4,0
13327,"2014-03-15 09:25:13",12543,49.99,19.49,214211,1,1
13328,"2014-03-15 09:25:13",12543,45.99,14.49,214211,3,0
13329,"2014-03-15 09:48:49",12544,49.99,19.49,214218,1,1
13330,"2014-03-15 09:48:49",12544,29.99,9.49,214218,4,0
13331,"2014-03-15 09:52:25",12545,49.99,19.49,214219,1,1
13332,"2014-03-15 09:52:25",12545,45.99,14.49,214219,3,0
13333,"2014-03-15 10:43:18",12546,59.99,22.49,214237,2,1
13334,"2014-03-15 10:52:01",12547,49.99,19.49,214238,1,1
13335,"2014-03-15 10:55:08",12548,49.99,19.49,214241,1,1
13336,"2014-03-15 10:55:08",12548,45.99,14.49,214241,3,0
13337,"2014-03-15 10:58:07",12549,49.99,19.49,214242,1,1
13338,"2014-03-15 11:05:59",12550,49.99,19.49,214245,1,1
13339,"2014-03-15 11:05:59",12550,45.99,14.49,214245,3,0
13340,"2014-03-15 11:15:04",12551,49.99,19.49,214248,1,1
13341,"2014-03-15 11:25:08",12552,59.99,22.49,214253,2,1
13342,"2014-03-15 11:38:52",12553,49.99,19.49,214258,1,1
13343,"2014-03-15 11:38:52",12553,59.99,22.49,214258,2,0
13344,"2014-03-15 12:38:11",12554,45.99,14.49,214277,3,1
13345,"2014-03-15 12:46:56",12555,49.99,19.49,214284,1,1
13346,"2014-03-15 13:26:30",12556,49.99,19.49,214300,1,1
13347,"2014-03-15 14:14:31",12557,45.99,14.49,214317,3,1
13348,"2014-03-15 14:50:37",12558,59.99,22.49,214330,2,1
13349,"2014-03-15 14:50:37",12558,29.99,9.49,214330,4,0
13350,"2014-03-15 15:52:23",12559,59.99,22.49,214349,2,1
13351,"2014-03-15 16:13:00",12560,49.99,19.49,214353,1,1
13352,"2014-03-15 21:27:23",12561,49.99,19.49,214433,1,1
13353,"2014-03-15 21:27:23",12561,29.99,9.49,214433,4,0
13354,"2014-03-15 22:45:32",12562,45.99,14.49,214443,3,1
13355,"2014-03-15 23:25:34",12563,49.99,19.49,214454,1,1
13356,"2014-03-15 23:25:34",12563,29.99,9.49,214454,4,0
13357,"2014-03-15 23:25:54",12564,49.99,19.49,214455,1,1
13358,"2014-03-16 00:42:37",12565,45.99,14.49,214475,3,1
13359,"2014-03-16 02:42:59",12566,49.99,19.49,214488,1,1
13360,"2014-03-16 03:13:23",12567,49.99,19.49,214493,1,1
13361,"2014-03-16 09:05:59",12568,49.99,19.49,214538,1,1
13362,"2014-03-16 11:25:11",12569,49.99,19.49,214558,1,1
13363,"2014-03-16 11:25:11",12569,29.99,9.49,214558,4,0
13364,"2014-03-16 11:37:42",12570,49.99,19.49,214563,1,1
13365,"2014-03-16 12:29:19",12571,49.99,19.49,214578,1,1
13366,"2014-03-16 12:29:19",12571,45.99,14.49,214578,3,0
13367,"2014-03-16 13:48:26",12572,49.99,19.49,214591,1,1
13368,"2014-03-16 13:59:53",12573,59.99,22.49,214597,2,1
13369,"2014-03-16 14:40:12",12574,59.99,22.49,214609,2,1
13370,"2014-03-16 14:40:12",12574,29.99,9.49,214609,4,0
13371,"2014-03-16 14:52:30",12575,49.99,19.49,214610,1,1
13372,"2014-03-16 16:17:16",12576,49.99,19.49,214635,1,1
13373,"2014-03-16 17:30:47",12577,49.99,19.49,214648,1,1
13374,"2014-03-16 19:24:41",12578,49.99,19.49,214670,1,1
13375,"2014-03-16 19:24:41",12578,29.99,9.49,214670,4,0
13376,"2014-03-16 19:57:13",12579,49.99,19.49,214678,1,1
13377,"2014-03-16 20:56:00",12580,49.99,19.49,214687,1,1
13378,"2014-03-16 22:11:20",12581,49.99,19.49,214709,1,1
13379,"2014-03-16 22:19:55",12582,49.99,19.49,214713,1,1
13380,"2014-03-16 22:27:19",12583,49.99,19.49,214715,1,1
13381,"2014-03-16 22:42:09",12584,49.99,19.49,214721,1,1
13382,"2014-03-16 22:42:09",12584,45.99,14.49,214721,3,0
13383,"2014-03-16 22:42:27",12585,49.99,19.49,214719,1,1
13384,"2014-03-16 23:34:56",12586,49.99,19.49,214738,1,1
13385,"2014-03-16 23:34:56",12586,59.99,22.49,214738,2,0
13386,"2014-03-16 23:57:11",12587,45.99,14.49,214748,3,1
13387,"2014-03-17 00:46:13",12588,49.99,19.49,214762,1,1
13388,"2014-03-17 00:47:23",12589,49.99,19.49,214764,1,1
13389,"2014-03-17 00:47:23",12589,59.99,22.49,214764,2,0
13390,"2014-03-17 00:56:21",12590,49.99,19.49,214766,1,1
13391,"2014-03-17 00:56:21",12590,29.99,9.49,214766,4,0
13392,"2014-03-17 01:03:26",12591,49.99,19.49,214767,1,1
13393,"2014-03-17 03:04:31",12592,45.99,14.49,214789,3,1
13394,"2014-03-17 03:04:31",12592,59.99,22.49,214789,2,0
13395,"2014-03-17 04:44:30",12593,49.99,19.49,214806,1,1
13396,"2014-03-17 04:44:30",12593,29.99,9.49,214806,4,0
13397,"2014-03-17 05:51:02",12594,49.99,19.49,214817,1,1
13398,"2014-03-17 06:43:11",12595,45.99,14.49,214828,3,1
13399,"2014-03-17 06:43:11",12595,59.99,22.49,214828,2,0
13400,"2014-03-17 09:07:30",12596,49.99,19.49,214859,1,1
13401,"2014-03-17 09:30:19",12597,49.99,19.49,214868,1,1
13402,"2014-03-17 10:04:49",12598,49.99,19.49,214889,1,1
13403,"2014-03-17 10:06:53",12599,59.99,22.49,214887,2,1
13404,"2014-03-17 10:41:19",12600,59.99,22.49,214911,2,1
13405,"2014-03-17 11:37:19",12601,49.99,19.49,214943,1,1
13406,"2014-03-17 11:37:19",12601,45.99,14.49,214943,3,0
13407,"2014-03-17 12:02:55",12602,45.99,14.49,214958,3,1
13408,"2014-03-17 12:14:00",12603,49.99,19.49,214963,1,1
13409,"2014-03-17 12:29:03",12604,49.99,19.49,214976,1,1
13410,"2014-03-17 12:35:08",12605,49.99,19.49,214980,1,1
13411,"2014-03-17 12:45:08",12606,49.99,19.49,214986,1,1
13412,"2014-03-17 12:57:16",12607,49.99,19.49,214994,1,1
13413,"2014-03-17 12:57:16",12607,45.99,14.49,214994,3,0
13414,"2014-03-17 13:12:55",12608,49.99,19.49,215002,1,1
13415,"2014-03-17 13:34:24",12609,49.99,19.49,215012,1,1
13416,"2014-03-17 13:34:24",12609,29.99,9.49,215012,4,0
13417,"2014-03-17 13:43:34",12610,49.99,19.49,215020,1,1
13418,"2014-03-17 13:54:01",12611,49.99,19.49,215028,1,1
13419,"2014-03-17 14:03:02",12612,49.99,19.49,215032,1,1
13420,"2014-03-17 14:29:45",12613,49.99,19.49,215057,1,1
13421,"2014-03-17 14:29:45",12613,45.99,14.49,215057,3,0
13422,"2014-03-17 14:47:06",12614,49.99,19.49,215064,1,1
13423,"2014-03-17 14:49:43",12615,49.99,19.49,215069,1,1
13424,"2014-03-17 14:54:05",12616,49.99,19.49,215071,1,1
13425,"2014-03-17 15:22:40",12617,49.99,19.49,215083,1,1
13426,"2014-03-17 15:22:40",12617,29.99,9.49,215083,4,0
13427,"2014-03-17 16:13:31",12618,49.99,19.49,215121,1,1
13428,"2014-03-17 16:13:31",12618,29.99,9.49,215121,4,0
13429,"2014-03-17 16:17:00",12619,49.99,19.49,215123,1,1
13430,"2014-03-17 16:25:06",12620,59.99,22.49,215124,2,1
13431,"2014-03-17 17:25:16",12621,49.99,19.49,215143,1,1
13432,"2014-03-17 17:25:16",12621,29.99,9.49,215143,4,0
13433,"2014-03-17 17:48:46",12622,45.99,14.49,215154,3,1
13434,"2014-03-17 18:01:26",12623,45.99,14.49,215158,3,1
13435,"2014-03-17 18:18:13",12624,49.99,19.49,215173,1,1
13436,"2014-03-17 18:18:51",12625,45.99,14.49,215175,3,1
13437,"2014-03-17 18:18:51",12625,29.99,9.49,215175,4,0
13438,"2014-03-17 19:21:44",12626,45.99,14.49,215207,3,1
13439,"2014-03-17 19:34:24",12627,49.99,19.49,215209,1,1
13440,"2014-03-17 21:16:10",12628,49.99,19.49,215236,1,1
13441,"2014-03-17 21:16:10",12628,29.99,9.49,215236,4,0
13442,"2014-03-17 21:21:39",12629,49.99,19.49,215244,1,1
13443,"2014-03-17 21:21:39",12629,45.99,14.49,215244,3,0
13444,"2014-03-17 23:37:08",12630,59.99,22.49,215286,2,1
13445,"2014-03-17 23:40:11",12631,49.99,19.49,215285,1,1
13446,"2014-03-18 00:10:24",12632,49.99,19.49,215292,1,1
13447,"2014-03-18 00:41:04",12633,45.99,14.49,215302,3,1
13448,"2014-03-18 01:22:06",12634,49.99,19.49,215306,1,1
13449,"2014-03-18 01:22:06",12634,29.99,9.49,215306,4,0
13450,"2014-03-18 05:35:42",12635,49.99,19.49,215339,1,1
13451,"2014-03-18 06:15:05",12636,59.99,22.49,215349,2,1
13452,"2014-03-18 07:35:06",12637,49.99,19.49,215363,1,1
13453,"2014-03-18 07:35:06",12637,29.99,9.49,215363,4,0
13454,"2014-03-18 09:25:23",12638,49.99,19.49,215399,1,1
13455,"2014-03-18 09:25:23",12638,29.99,9.49,215399,4,0
13456,"2014-03-18 09:39:20",12639,49.99,19.49,215403,1,1
13457,"2014-03-18 09:39:20",12639,45.99,14.49,215403,3,0
13458,"2014-03-18 09:48:52",12640,49.99,19.49,215408,1,1
13459,"2014-03-18 10:11:56",12641,49.99,19.49,215414,1,1
13460,"2014-03-18 10:27:58",12642,49.99,19.49,215423,1,1
13461,"2014-03-18 10:27:58",12642,29.99,9.49,215423,4,0
13462,"2014-03-18 10:59:28",12643,45.99,14.49,215444,3,1
13463,"2014-03-18 11:16:25",12644,49.99,19.49,215453,1,1
13464,"2014-03-18 11:16:25",12644,29.99,9.49,215453,4,0
13465,"2014-03-18 11:30:03",12645,49.99,19.49,215466,1,1
13466,"2014-03-18 11:50:10",12646,45.99,14.49,215487,3,1
13467,"2014-03-18 11:50:10",12646,49.99,19.49,215487,1,0
13468,"2014-03-18 11:50:47",12647,49.99,19.49,215482,1,1
13469,"2014-03-18 11:50:47",12647,45.99,14.49,215482,3,0
13470,"2014-03-18 11:50:58",12648,49.99,19.49,215486,1,1
13471,"2014-03-18 11:50:58",12648,29.99,9.49,215486,4,0
13472,"2014-03-18 12:09:29",12649,49.99,19.49,215504,1,1
13473,"2014-03-18 12:28:58",12650,49.99,19.49,215517,1,1
13474,"2014-03-18 12:33:47",12651,59.99,22.49,215524,2,1
13475,"2014-03-18 12:37:35",12652,59.99,22.49,215527,2,1
13476,"2014-03-18 12:56:02",12653,59.99,22.49,215542,2,1
13477,"2014-03-18 13:17:40",12654,49.99,19.49,215564,1,1
13478,"2014-03-18 13:18:18",12655,49.99,19.49,215565,1,1
13479,"2014-03-18 13:18:18",12655,29.99,9.49,215565,4,0
13480,"2014-03-18 13:20:42",12656,49.99,19.49,215567,1,1
13481,"2014-03-18 13:45:12",12657,49.99,19.49,215580,1,1
13482,"2014-03-18 14:10:30",12658,45.99,14.49,215598,3,1
13483,"2014-03-18 14:22:13",12659,49.99,19.49,215614,1,1
13484,"2014-03-18 14:22:13",12659,29.99,9.49,215614,4,0
13485,"2014-03-18 14:33:54",12660,49.99,19.49,215621,1,1
13486,"2014-03-18 14:33:54",12660,29.99,9.49,215621,4,0
13487,"2014-03-18 15:45:01",12661,49.99,19.49,215674,1,1
13488,"2014-03-18 15:45:01",12661,45.99,14.49,215674,3,0
13489,"2014-03-18 16:06:29",12662,49.99,19.49,215687,1,1
13490,"2014-03-18 16:30:45",12663,49.99,19.49,215698,1,1
13491,"2014-03-18 16:30:45",12663,45.99,14.49,215698,3,0
13492,"2014-03-18 17:30:59",12664,49.99,19.49,215732,1,1
13493,"2014-03-18 17:46:17",12665,49.99,19.49,215740,1,1
13494,"2014-03-18 18:16:04",12666,49.99,19.49,215758,1,1
13495,"2014-03-18 18:29:57",12667,45.99,14.49,215765,3,1
13496,"2014-03-18 18:29:57",12667,29.99,9.49,215765,4,0
13497,"2014-03-18 19:25:51",12668,49.99,19.49,215790,1,1
13498,"2014-03-18 20:10:27",12669,49.99,19.49,215806,1,1
13499,"2014-03-18 20:32:14",12670,49.99,19.49,215812,1,1
13500,"2014-03-18 21:31:58",12671,49.99,19.49,215832,1,1
13501,"2014-03-18 21:31:58",12671,45.99,14.49,215832,3,0
13502,"2014-03-18 22:56:45",12672,49.99,19.49,215847,1,1
13503,"2014-03-18 22:56:45",12672,59.99,22.49,215847,2,0
13504,"2014-03-18 23:56:27",12673,49.99,19.49,215870,1,1
13505,"2014-03-19 00:01:44",12674,49.99,19.49,215873,1,1
13506,"2014-03-19 03:49:42",12675,49.99,19.49,215912,1,1
13507,"2014-03-19 07:21:41",12676,49.99,19.49,215960,1,1
13508,"2014-03-19 07:46:45",12677,45.99,14.49,215963,3,1
13509,"2014-03-19 08:37:25",12678,59.99,22.49,215978,2,1
13510,"2014-03-19 08:52:35",12679,45.99,14.49,215990,3,1
13511,"2014-03-19 08:55:11",12680,45.99,14.49,215988,3,1
13512,"2014-03-19 09:25:28",12681,59.99,22.49,216004,2,1
13513,"2014-03-19 09:28:26",12682,49.99,19.49,216012,1,1
13514,"2014-03-19 09:28:26",12682,29.99,9.49,216012,4,0
13515,"2014-03-19 10:06:55",12683,49.99,19.49,216041,1,1
13516,"2014-03-19 10:21:13",12684,49.99,19.49,216052,1,1
13517,"2014-03-19 10:26:15",12685,49.99,19.49,216057,1,1
13518,"2014-03-19 10:59:58",12686,49.99,19.49,216085,1,1
13519,"2014-03-19 11:12:25",12687,49.99,19.49,216096,1,1
13520,"2014-03-19 11:12:25",12687,29.99,9.49,216096,4,0
13521,"2014-03-19 11:27:23",12688,45.99,14.49,216107,3,1
13522,"2014-03-19 11:42:23",12689,49.99,19.49,216119,1,1
13523,"2014-03-19 11:42:23",12689,59.99,22.49,216119,2,0
13524,"2014-03-19 11:46:08",12690,49.99,19.49,216120,1,1
13525,"2014-03-19 11:46:47",12691,49.99,19.49,216123,1,1
13526,"2014-03-19 12:56:03",12692,59.99,22.49,216167,2,1
13527,"2014-03-19 12:56:03",12692,29.99,9.49,216167,4,0
13528,"2014-03-19 13:05:22",12693,49.99,19.49,216175,1,1
13529,"2014-03-19 13:05:22",12693,29.99,9.49,216175,4,0
13530,"2014-03-19 13:17:45",12694,45.99,14.49,216184,3,1
13531,"2014-03-19 13:57:37",12695,49.99,19.49,216217,1,1
13532,"2014-03-19 14:00:52",12696,49.99,19.49,216221,1,1
13533,"2014-03-19 14:00:52",12696,45.99,14.49,216221,3,0
13534,"2014-03-19 14:15:43",12697,49.99,19.49,216225,1,1
13535,"2014-03-19 14:24:39",12698,49.99,19.49,216237,1,1
13536,"2014-03-19 14:24:44",12699,59.99,22.49,216231,2,1
13537,"2014-03-19 14:28:00",12700,49.99,19.49,216233,1,1
13538,"2014-03-19 14:45:06",12701,49.99,19.49,216246,1,1
13539,"2014-03-19 14:45:06",12701,45.99,14.49,216246,3,0
13540,"2014-03-19 14:46:00",12702,49.99,19.49,216249,1,1
13541,"2014-03-19 14:51:58",12703,49.99,19.49,216253,1,1
13542,"2014-03-19 14:52:51",12704,49.99,19.49,216252,1,1
13543,"2014-03-19 15:50:10",12705,49.99,19.49,216293,1,1
13544,"2014-03-19 15:52:02",12706,59.99,22.49,216302,2,1
13545,"2014-03-19 15:52:20",12707,49.99,19.49,216297,1,1
13546,"2014-03-19 15:52:20",12707,45.99,14.49,216297,3,0
13547,"2014-03-19 15:56:48",12708,45.99,14.49,216299,3,1
13548,"2014-03-19 15:56:48",12708,49.99,19.49,216299,1,0
13549,"2014-03-19 16:23:14",12709,59.99,22.49,216320,2,1
13550,"2014-03-19 16:23:14",12709,29.99,9.49,216320,4,0
13551,"2014-03-19 16:42:24",12710,49.99,19.49,216331,1,1
13552,"2014-03-19 16:45:46",12711,59.99,22.49,216337,2,1
13553,"2014-03-19 16:54:36",12712,49.99,19.49,216349,1,1
13554,"2014-03-19 16:54:36",12712,45.99,14.49,216349,3,0
13555,"2014-03-19 17:07:48",12713,49.99,19.49,216359,1,1
13556,"2014-03-19 17:15:45",12714,49.99,19.49,216360,1,1
13557,"2014-03-19 17:46:55",12715,49.99,19.49,216377,1,1
13558,"2014-03-19 17:46:55",12715,45.99,14.49,216377,3,0
13559,"2014-03-19 18:13:16",12716,59.99,22.49,216390,2,1
13560,"2014-03-19 18:13:16",12716,29.99,9.49,216390,4,0
13561,"2014-03-19 18:45:48",12717,49.99,19.49,216407,1,1
13562,"2014-03-19 18:46:08",12718,49.99,19.49,216410,1,1
13563,"2014-03-19 18:46:08",12718,29.99,9.49,216410,4,0
13564,"2014-03-19 18:49:20",12719,49.99,19.49,216415,1,1
13565,"2014-03-19 19:05:15",12720,49.99,19.49,216424,1,1
13566,"2014-03-19 20:08:35",12721,49.99,19.49,216448,1,1
13567,"2014-03-19 20:23:49",12722,49.99,19.49,216454,1,1
13568,"2014-03-19 20:23:49",12722,29.99,9.49,216454,4,0
13569,"2014-03-19 20:36:55",12723,49.99,19.49,216461,1,1
13570,"2014-03-19 20:36:55",12723,29.99,9.49,216461,4,0
13571,"2014-03-19 21:08:11",12724,49.99,19.49,216473,1,1
13572,"2014-03-19 21:08:11",12724,45.99,14.49,216473,3,0
13573,"2014-03-19 22:23:23",12725,59.99,22.49,216502,2,1
13574,"2014-03-19 22:23:23",12725,29.99,9.49,216502,4,0
13575,"2014-03-19 22:37:21",12726,59.99,22.49,216505,2,1
13576,"2014-03-19 22:43:18",12727,49.99,19.49,216508,1,1
13577,"2014-03-19 22:43:18",12727,45.99,14.49,216508,3,0
13578,"2014-03-19 23:52:44",12728,49.99,19.49,216535,1,1
13579,"2014-03-20 00:44:01",12729,49.99,19.49,216546,1,1
13580,"2014-03-20 02:36:59",12730,49.99,19.49,216566,1,1
13581,"2014-03-20 02:36:59",12730,29.99,9.49,216566,4,0
13582,"2014-03-20 03:11:21",12731,49.99,19.49,216572,1,1
13583,"2014-03-20 05:19:22",12732,49.99,19.49,216584,1,1
13584,"2014-03-20 06:44:36",12733,49.99,19.49,216593,1,1
13585,"2014-03-20 07:37:44",12734,49.99,19.49,216607,1,1
13586,"2014-03-20 08:36:25",12735,49.99,19.49,216619,1,1
13587,"2014-03-20 08:36:25",12735,29.99,9.49,216619,4,0
13588,"2014-03-20 09:16:08",12736,49.99,19.49,216631,1,1
13589,"2014-03-20 09:30:56",12737,59.99,22.49,216641,2,1
13590,"2014-03-20 09:44:33",12738,49.99,19.49,216653,1,1
13591,"2014-03-20 10:33:32",12739,45.99,14.49,216680,3,1
13592,"2014-03-20 10:33:32",12739,29.99,9.49,216680,4,0
13593,"2014-03-20 10:33:34",12740,49.99,19.49,216682,1,1
13594,"2014-03-20 10:33:34",12740,45.99,14.49,216682,3,0
13595,"2014-03-20 10:58:49",12741,49.99,19.49,216701,1,1
13596,"2014-03-20 11:00:50",12742,49.99,19.49,216708,1,1
13597,"2014-03-20 11:24:32",12743,49.99,19.49,216717,1,1
13598,"2014-03-20 11:30:41",12744,49.99,19.49,216723,1,1
13599,"2014-03-20 11:30:41",12744,45.99,14.49,216723,3,0
13600,"2014-03-20 11:31:03",12745,49.99,19.49,216718,1,1
13601,"2014-03-20 11:31:03",12745,29.99,9.49,216718,4,0
13602,"2014-03-20 12:21:30",12746,45.99,14.49,216749,3,1
13603,"2014-03-20 12:21:30",12746,29.99,9.49,216749,4,0
13604,"2014-03-20 12:36:20",12747,59.99,22.49,216766,2,1
13605,"2014-03-20 13:05:03",12748,49.99,19.49,216786,1,1
13606,"2014-03-20 13:16:37",12749,45.99,14.49,216792,3,1
13607,"2014-03-20 13:24:03",12750,49.99,19.49,216796,1,1
13608,"2014-03-20 13:24:03",12750,29.99,9.49,216796,4,0
13609,"2014-03-20 13:43:51",12751,59.99,22.49,216812,2,1
13610,"2014-03-20 14:05:49",12752,49.99,19.49,216828,1,1
13611,"2014-03-20 14:11:44",12753,49.99,19.49,216832,1,1
13612,"2014-03-20 14:14:10",12754,59.99,22.49,216835,2,1
13613,"2014-03-20 14:22:15",12755,49.99,19.49,216842,1,1
13614,"2014-03-20 14:40:19",12756,49.99,19.49,216851,1,1
13615,"2014-03-20 14:40:19",12756,45.99,14.49,216851,3,0
13616,"2014-03-20 15:22:28",12757,49.99,19.49,216882,1,1
13617,"2014-03-20 15:22:28",12757,45.99,14.49,216882,3,0
13618,"2014-03-20 15:41:23",12758,45.99,14.49,216900,3,1
13619,"2014-03-20 15:53:10",12759,59.99,22.49,216903,2,1
13620,"2014-03-20 15:53:10",12759,49.99,19.49,216903,1,0
13621,"2014-03-20 16:07:33",12760,49.99,19.49,216917,1,1
13622,"2014-03-20 16:26:36",12761,49.99,19.49,216928,1,1
13623,"2014-03-20 16:38:42",12762,59.99,22.49,216935,2,1
13624,"2014-03-20 16:52:03",12763,49.99,19.49,216940,1,1
13625,"2014-03-20 16:52:03",12763,45.99,14.49,216940,3,0
13626,"2014-03-20 16:57:25",12764,45.99,14.49,216950,3,1
13627,"2014-03-20 16:57:25",12764,29.99,9.49,216950,4,0
13628,"2014-03-20 17:09:20",12765,49.99,19.49,216952,1,1
13629,"2014-03-20 17:41:17",12766,59.99,22.49,216974,2,1
13630,"2014-03-20 18:16:48",12767,49.99,19.49,216990,1,1
13631,"2014-03-20 18:16:48",12767,29.99,9.49,216990,4,0
13632,"2014-03-20 19:42:11",12768,49.99,19.49,217017,1,1
13633,"2014-03-20 19:42:11",12768,29.99,9.49,217017,4,0
13634,"2014-03-20 19:45:29",12769,49.99,19.49,217018,1,1
13635,"2014-03-20 20:38:20",12770,49.99,19.49,217034,1,1
13636,"2014-03-20 20:44:03",12771,49.99,19.49,217037,1,1
13637,"2014-03-20 20:44:03",12771,45.99,14.49,217037,3,0
13638,"2014-03-20 21:21:20",12772,59.99,22.49,217046,2,1
13639,"2014-03-20 21:27:11",12773,49.99,19.49,217047,1,1
13640,"2014-03-20 22:19:58",12774,59.99,22.49,217064,2,1
13641,"2014-03-20 22:19:58",12774,29.99,9.49,217064,4,0
13642,"2014-03-20 23:02:51",12775,49.99,19.49,217078,1,1
13643,"2014-03-21 01:05:59",12776,49.99,19.49,217109,1,1
13644,"2014-03-21 01:36:34",12777,45.99,14.49,217111,3,1
13645,"2014-03-21 01:36:34",12777,59.99,22.49,217111,2,0
13646,"2014-03-21 06:52:52",12778,49.99,19.49,217172,1,1
13647,"2014-03-21 07:01:19",12779,49.99,19.49,217179,1,1
13648,"2014-03-21 08:30:45",12780,49.99,19.49,217201,1,1
13649,"2014-03-21 08:45:06",12781,49.99,19.49,217204,1,1
13650,"2014-03-21 09:28:14",12782,59.99,22.49,217217,2,1
13651,"2014-03-21 09:46:08",12783,49.99,19.49,217231,1,1
13652,"2014-03-21 09:46:08",12783,45.99,14.49,217231,3,0
13653,"2014-03-21 10:11:40",12784,49.99,19.49,217240,1,1
13654,"2014-03-21 10:11:40",12784,29.99,9.49,217240,4,0
13655,"2014-03-21 10:24:44",12785,59.99,22.49,217253,2,1
13656,"2014-03-21 10:57:59",12786,49.99,19.49,217279,1,1
13657,"2014-03-21 10:58:00",12787,45.99,14.49,217280,3,1
13658,"2014-03-21 10:58:00",12787,49.99,19.49,217280,1,0
13659,"2014-03-21 10:59:19",12788,49.99,19.49,217277,1,1
13660,"2014-03-21 11:14:52",12789,49.99,19.49,217286,1,1
13661,"2014-03-21 11:22:19",12790,45.99,14.49,217287,3,1
13662,"2014-03-21 11:27:07",12791,49.99,19.49,217290,1,1
13663,"2014-03-21 11:59:53",12792,59.99,22.49,217308,2,1
13664,"2014-03-21 12:23:25",12793,49.99,19.49,217323,1,1
13665,"2014-03-21 12:53:19",12794,49.99,19.49,217337,1,1
13666,"2014-03-21 13:26:15",12795,45.99,14.49,217360,3,1
13667,"2014-03-21 13:47:45",12796,45.99,14.49,217367,3,1
13668,"2014-03-21 15:08:55",12797,49.99,19.49,217405,1,1
13669,"2014-03-21 15:11:53",12798,49.99,19.49,217411,1,1
13670,"2014-03-21 16:34:59",12799,49.99,19.49,217460,1,1
13671,"2014-03-21 16:34:59",12799,29.99,9.49,217460,4,0
13672,"2014-03-21 16:43:39",12800,59.99,22.49,217466,2,1
13673,"2014-03-21 16:43:39",12800,29.99,9.49,217466,4,0
13674,"2014-03-21 17:46:17",12801,49.99,19.49,217484,1,1
13675,"2014-03-21 17:46:17",12801,29.99,9.49,217484,4,0
13676,"2014-03-21 17:47:07",12802,59.99,22.49,217483,2,1
13677,"2014-03-21 17:47:07",12802,45.99,14.49,217483,3,0
13678,"2014-03-21 17:47:26",12803,49.99,19.49,217485,1,1
13679,"2014-03-21 17:47:26",12803,29.99,9.49,217485,4,0
13680,"2014-03-21 18:08:29",12804,49.99,19.49,217504,1,1
13681,"2014-03-21 18:08:29",12804,29.99,9.49,217504,4,0
13682,"2014-03-21 20:07:59",12805,49.99,19.49,217539,1,1
13683,"2014-03-22 01:10:59",12806,59.99,22.49,217603,2,1
13684,"2014-03-22 01:56:14",12807,49.99,19.49,217610,1,1
13685,"2014-03-22 01:56:14",12807,29.99,9.49,217610,4,0
13686,"2014-03-22 01:59:43",12808,45.99,14.49,217609,3,1
13687,"2014-03-22 02:14:08",12809,49.99,19.49,217615,1,1
13688,"2014-03-22 04:09:34",12810,49.99,19.49,217621,1,1
13689,"2014-03-22 10:13:19",12811,49.99,19.49,217671,1,1
13690,"2014-03-22 10:15:08",12812,45.99,14.49,217669,3,1
13691,"2014-03-22 10:15:08",12812,29.99,9.49,217669,4,0
13692,"2014-03-22 11:39:48",12813,59.99,22.49,217691,2,1
13693,"2014-03-22 12:58:36",12814,49.99,19.49,217707,1,1
13694,"2014-03-22 12:58:36",12814,45.99,14.49,217707,3,0
13695,"2014-03-22 14:42:58",12815,49.99,19.49,217734,1,1
13696,"2014-03-22 15:09:15",12816,49.99,19.49,217738,1,1
13697,"2014-03-22 15:09:15",12816,29.99,9.49,217738,4,0
13698,"2014-03-22 16:12:18",12817,45.99,14.49,217759,3,1
13699,"2014-03-22 17:50:37",12818,49.99,19.49,217784,1,1
13700,"2014-03-22 18:58:47",12819,49.99,19.49,217795,1,1
13701,"2014-03-22 22:53:57",12820,49.99,19.49,217827,1,1
13702,"2014-03-23 02:40:04",12821,49.99,19.49,217855,1,1
13703,"2014-03-23 06:29:05",12822,49.99,19.49,217872,1,1
13704,"2014-03-23 07:31:26",12823,59.99,22.49,217878,2,1
13705,"2014-03-23 07:31:26",12823,45.99,14.49,217878,3,0
13706,"2014-03-23 08:19:04",12824,49.99,19.49,217881,1,1
13707,"2014-03-23 12:45:09",12825,45.99,14.49,217932,3,1
13708,"2014-03-23 12:45:09",12825,29.99,9.49,217932,4,0
13709,"2014-03-23 12:57:14",12826,49.99,19.49,217935,1,1
13710,"2014-03-23 13:22:48",12827,49.99,19.49,217942,1,1
13711,"2014-03-23 14:55:16",12828,49.99,19.49,217963,1,1
13712,"2014-03-23 15:43:17",12829,49.99,19.49,217975,1,1
13713,"2014-03-23 16:49:47",12830,49.99,19.49,217991,1,1
13714,"2014-03-23 16:49:47",12830,45.99,14.49,217991,3,0
13715,"2014-03-23 19:20:46",12831,49.99,19.49,218019,1,1
13716,"2014-03-23 19:20:46",12831,29.99,9.49,218019,4,0
13717,"2014-03-23 19:39:01",12832,49.99,19.49,218023,1,1
13718,"2014-03-23 19:54:21",12833,49.99,19.49,218027,1,1
13719,"2014-03-23 19:54:21",12833,45.99,14.49,218027,3,0
13720,"2014-03-23 19:58:26",12834,59.99,22.49,218029,2,1
13721,"2014-03-23 19:58:26",12834,45.99,14.49,218029,3,0
13722,"2014-03-23 21:09:29",12835,49.99,19.49,218045,1,1
13723,"2014-03-23 22:22:07",12836,49.99,19.49,218066,1,1
13724,"2014-03-24 00:27:46",12837,49.99,19.49,218107,1,1
13725,"2014-03-24 00:51:08",12838,59.99,22.49,218111,2,1
13726,"2014-03-24 02:04:39",12839,49.99,19.49,218123,1,1
13727,"2014-03-24 02:15:03",12840,59.99,22.49,218127,2,1
13728,"2014-03-24 02:42:40",12841,45.99,14.49,218133,3,1
13729,"2014-03-24 02:42:40",12841,49.99,19.49,218133,1,0
13730,"2014-03-24 03:03:58",12842,49.99,19.49,218137,1,1
13731,"2014-03-24 03:03:58",12842,29.99,9.49,218137,4,0
13732,"2014-03-24 05:37:55",12843,45.99,14.49,218161,3,1
13733,"2014-03-24 06:16:54",12844,49.99,19.49,218169,1,1
13734,"2014-03-24 06:16:54",12844,29.99,9.49,218169,4,0
13735,"2014-03-24 08:35:32",12845,49.99,19.49,218199,1,1
13736,"2014-03-24 08:35:32",12845,29.99,9.49,218199,4,0
13737,"2014-03-24 09:36:30",12846,49.99,19.49,218233,1,1
13738,"2014-03-24 09:59:49",12847,49.99,19.49,218243,1,1
13739,"2014-03-24 10:21:46",12848,59.99,22.49,218251,2,1
13740,"2014-03-24 10:21:46",12848,29.99,9.49,218251,4,0
13741,"2014-03-24 10:54:19",12849,59.99,22.49,218269,2,1
13742,"2014-03-24 10:54:19",12849,29.99,9.49,218269,4,0
13743,"2014-03-24 11:04:16",12850,49.99,19.49,218277,1,1
13744,"2014-03-24 11:04:16",12850,45.99,14.49,218277,3,0
13745,"2014-03-24 11:05:55",12851,45.99,14.49,218282,3,1
13746,"2014-03-24 11:05:55",12851,29.99,9.49,218282,4,0
13747,"2014-03-24 11:08:12",12852,49.99,19.49,218284,1,1
13748,"2014-03-24 11:12:09",12853,59.99,22.49,218283,2,1
13749,"2014-03-24 11:23:30",12854,49.99,19.49,218297,1,1
13750,"2014-03-24 11:23:30",12854,59.99,22.49,218297,2,0
13751,"2014-03-24 11:29:00",12855,49.99,19.49,218303,1,1
13752,"2014-03-24 11:29:00",12855,45.99,14.49,218303,3,0
13753,"2014-03-24 12:54:16",12856,49.99,19.49,218351,1,1
13754,"2014-03-24 13:03:20",12857,45.99,14.49,218360,3,1
13755,"2014-03-24 13:03:20",12857,29.99,9.49,218360,4,0
13756,"2014-03-24 13:11:34",12858,49.99,19.49,218363,1,1
13757,"2014-03-24 13:49:15",12859,49.99,19.49,218385,1,1
13758,"2014-03-24 14:46:35",12860,49.99,19.49,218418,1,1
13759,"2014-03-24 15:05:17",12861,59.99,22.49,218424,2,1
13760,"2014-03-24 15:47:46",12862,45.99,14.49,218448,3,1
13761,"2014-03-24 15:47:46",12862,29.99,9.49,218448,4,0
13762,"2014-03-24 16:13:55",12863,49.99,19.49,218462,1,1
13763,"2014-03-24 16:13:55",12863,29.99,9.49,218462,4,0
13764,"2014-03-24 16:17:44",12864,45.99,14.49,218466,3,1
13765,"2014-03-24 16:37:05",12865,49.99,19.49,218469,1,1
13766,"2014-03-24 16:48:41",12866,49.99,19.49,218478,1,1
13767,"2014-03-24 16:48:41",12866,29.99,9.49,218478,4,0
13768,"2014-03-24 17:10:08",12867,59.99,22.49,218485,2,1
13769,"2014-03-24 17:25:42",12868,45.99,14.49,218492,3,1
13770,"2014-03-24 17:52:01",12869,59.99,22.49,218502,2,1
13771,"2014-03-24 18:41:14",12870,49.99,19.49,218526,1,1
13772,"2014-03-24 18:41:14",12870,45.99,14.49,218526,3,0
13773,"2014-03-24 18:55:32",12871,59.99,22.49,218535,2,1
13774,"2014-03-24 22:55:38",12872,59.99,22.49,218612,2,1
13775,"2014-03-24 23:52:27",12873,49.99,19.49,218629,1,1
13776,"2014-03-24 23:52:27",12873,29.99,9.49,218629,4,0
13777,"2014-03-25 01:28:48",12874,49.99,19.49,218648,1,1
13778,"2014-03-25 01:28:48",12874,45.99,14.49,218648,3,0
13779,"2014-03-25 04:13:56",12875,49.99,19.49,218673,1,1
13780,"2014-03-25 05:36:18",12876,49.99,19.49,218687,1,1
13781,"2014-03-25 06:32:35",12877,49.99,19.49,218701,1,1
13782,"2014-03-25 07:37:05",12878,49.99,19.49,218713,1,1
13783,"2014-03-25 07:40:26",12879,49.99,19.49,218711,1,1
13784,"2014-03-25 07:40:26",12879,59.99,22.49,218711,2,0
13785,"2014-03-25 07:58:05",12880,49.99,19.49,218717,1,1
13786,"2014-03-25 08:22:19",12881,49.99,19.49,218725,1,1
13787,"2014-03-25 08:22:25",12882,59.99,22.49,218727,2,1
13788,"2014-03-25 08:39:48",12883,49.99,19.49,218731,1,1
13789,"2014-03-25 09:08:20",12884,49.99,19.49,218745,1,1
13790,"2014-03-25 10:08:49",12885,49.99,19.49,218766,1,1
13791,"2014-03-25 10:13:10",12886,49.99,19.49,218767,1,1
13792,"2014-03-25 10:36:18",12887,49.99,19.49,218774,1,1
13793,"2014-03-25 10:36:18",12887,29.99,9.49,218774,4,0
13794,"2014-03-25 10:59:02",12888,49.99,19.49,218793,1,1
13795,"2014-03-25 11:17:12",12889,45.99,14.49,218806,3,1
13796,"2014-03-25 11:20:09",12890,49.99,19.49,218808,1,1
13797,"2014-03-25 11:20:09",12890,29.99,9.49,218808,4,0
13798,"2014-03-25 11:59:51",12891,45.99,14.49,218827,3,1
13799,"2014-03-25 11:59:51",12891,29.99,9.49,218827,4,0
13800,"2014-03-25 12:05:03",12892,49.99,19.49,218837,1,1
13801,"2014-03-25 12:05:03",12892,29.99,9.49,218837,4,0
13802,"2014-03-25 12:09:24",12893,59.99,22.49,218843,2,1
13803,"2014-03-25 12:16:19",12894,49.99,19.49,218849,1,1
13804,"2014-03-25 13:12:56",12895,49.99,19.49,218880,1,1
13805,"2014-03-25 13:40:11",12896,49.99,19.49,218894,1,1
13806,"2014-03-25 14:42:44",12897,49.99,19.49,218938,1,1
13807,"2014-03-25 14:42:44",12897,29.99,9.49,218938,4,0
13808,"2014-03-25 14:50:02",12898,49.99,19.49,218947,1,1
13809,"2014-03-25 16:01:22",12899,49.99,19.49,218988,1,1
13810,"2014-03-25 16:15:09",12900,49.99,19.49,218993,1,1
13811,"2014-03-25 16:36:31",12901,49.99,19.49,219014,1,1
13812,"2014-03-25 16:42:36",12902,59.99,22.49,219017,2,1
13813,"2014-03-25 16:42:36",12902,29.99,9.49,219017,4,0
13814,"2014-03-25 16:44:17",12903,49.99,19.49,219015,1,1
13815,"2014-03-25 17:31:43",12904,59.99,22.49,219049,2,1
13816,"2014-03-25 17:31:43",12904,29.99,9.49,219049,4,0
13817,"2014-03-25 18:27:31",12905,49.99,19.49,219071,1,1
13818,"2014-03-25 18:39:12",12906,49.99,19.49,219081,1,1
13819,"2014-03-25 18:56:19",12907,59.99,22.49,219088,2,1
13820,"2014-03-25 18:56:35",12908,49.99,19.49,219085,1,1
13821,"2014-03-25 20:21:21",12909,45.99,14.49,219127,3,1
13822,"2014-03-25 20:41:35",12910,49.99,19.49,219133,1,1
13823,"2014-03-25 20:41:35",12910,29.99,9.49,219133,4,0
13824,"2014-03-25 22:19:42",12911,45.99,14.49,219168,3,1
13825,"2014-03-25 22:36:15",12912,49.99,19.49,219175,1,1
13826,"2014-03-25 22:36:15",12912,59.99,22.49,219175,2,0
13827,"2014-03-25 22:37:20",12913,45.99,14.49,219173,3,1
13828,"2014-03-25 22:37:20",12913,49.99,19.49,219173,1,0
13829,"2014-03-25 22:54:42",12914,59.99,22.49,219182,2,1
13830,"2014-03-26 00:10:20",12915,49.99,19.49,219208,1,1
13831,"2014-03-26 01:59:35",12916,49.99,19.49,219232,1,1
13832,"2014-03-26 04:41:55",12917,49.99,19.49,219263,1,1
13833,"2014-03-26 06:51:27",12918,49.99,19.49,219281,1,1
13834,"2014-03-26 06:51:27",12918,45.99,14.49,219281,3,0
13835,"2014-03-26 09:14:02",12919,49.99,19.49,219321,1,1
13836,"2014-03-26 09:58:36",12920,49.99,19.49,219349,1,1
13837,"2014-03-26 11:06:11",12921,59.99,22.49,219395,2,1
13838,"2014-03-26 12:22:27",12922,49.99,19.49,219442,1,1
13839,"2014-03-26 12:22:27",12922,29.99,9.49,219442,4,0
13840,"2014-03-26 12:33:36",12923,45.99,14.49,219452,3,1
13841,"2014-03-26 12:36:22",12924,49.99,19.49,219443,1,1
13842,"2014-03-26 12:39:35",12925,49.99,19.49,219451,1,1
13843,"2014-03-26 12:51:52",12926,49.99,19.49,219463,1,1
13844,"2014-03-26 12:51:52",12926,45.99,14.49,219463,3,0
13845,"2014-03-26 13:41:19",12927,49.99,19.49,219502,1,1
13846,"2014-03-26 13:41:19",12927,45.99,14.49,219502,3,0
13847,"2014-03-26 13:57:47",12928,49.99,19.49,219510,1,1
13848,"2014-03-26 13:57:47",12928,29.99,9.49,219510,4,0
13849,"2014-03-26 14:57:44",12929,49.99,19.49,219550,1,1
13850,"2014-03-26 14:57:44",12929,59.99,22.49,219550,2,0
13851,"2014-03-26 15:21:37",12930,49.99,19.49,219570,1,1
13852,"2014-03-26 15:21:37",12930,29.99,9.49,219570,4,0
13853,"2014-03-26 15:36:38",12931,49.99,19.49,219594,1,1
13854,"2014-03-26 15:36:38",12931,29.99,9.49,219594,4,0
13855,"2014-03-26 16:14:15",12932,45.99,14.49,219614,3,1
13856,"2014-03-26 17:39:08",12933,49.99,19.49,219663,1,1
13857,"2014-03-26 17:39:08",12933,29.99,9.49,219663,4,0
13858,"2014-03-26 18:02:05",12934,49.99,19.49,219680,1,1
13859,"2014-03-26 18:02:05",12934,29.99,9.49,219680,4,0
13860,"2014-03-26 18:11:52",12935,49.99,19.49,219684,1,1
13861,"2014-03-26 19:37:41",12936,49.99,19.49,219722,1,1
13862,"2014-03-26 21:31:53",12937,59.99,22.49,219758,2,1
13863,"2014-03-26 21:31:53",12937,45.99,14.49,219758,3,0
13864,"2014-03-26 22:43:49",12938,49.99,19.49,219792,1,1
13865,"2014-03-26 22:43:49",12938,45.99,14.49,219792,3,0
13866,"2014-03-26 22:52:32",12939,49.99,19.49,219797,1,1
13867,"2014-03-26 22:52:32",12939,29.99,9.49,219797,4,0
13868,"2014-03-27 01:52:14",12940,49.99,19.49,219841,1,1
13869,"2014-03-27 01:52:14",12940,29.99,9.49,219841,4,0
13870,"2014-03-27 01:54:37",12941,45.99,14.49,219842,3,1
13871,"2014-03-27 03:16:13",12942,59.99,22.49,219854,2,1
13872,"2014-03-27 04:51:15",12943,49.99,19.49,219866,1,1
13873,"2014-03-27 06:36:27",12944,49.99,19.49,219885,1,1
13874,"2014-03-27 06:58:10",12945,59.99,22.49,219891,2,1
13875,"2014-03-27 07:34:32",12946,49.99,19.49,219902,1,1
13876,"2014-03-27 07:34:32",12946,29.99,9.49,219902,4,0
13877,"2014-03-27 08:58:49",12947,59.99,22.49,219931,2,1
13878,"2014-03-27 11:24:06",12948,49.99,19.49,220005,1,1
13879,"2014-03-27 11:24:06",12948,29.99,9.49,220005,4,0
13880,"2014-03-27 11:32:17",12949,49.99,19.49,220013,1,1
13881,"2014-03-27 11:34:42",12950,49.99,19.49,220011,1,1
13882,"2014-03-27 11:40:00",12951,49.99,19.49,220019,1,1
13883,"2014-03-27 11:40:00",12951,59.99,22.49,220019,2,0
13884,"2014-03-27 11:52:52",12952,49.99,19.49,220027,1,1
13885,"2014-03-27 11:52:52",12952,29.99,9.49,220027,4,0
13886,"2014-03-27 12:02:56",12953,49.99,19.49,220029,1,1
13887,"2014-03-27 12:10:05",12954,49.99,19.49,220038,1,1
13888,"2014-03-27 12:10:05",12954,29.99,9.49,220038,4,0
13889,"2014-03-27 12:26:20",12955,49.99,19.49,220044,1,1
13890,"2014-03-27 12:30:01",12956,59.99,22.49,220047,2,1
13891,"2014-03-27 12:36:39",12957,49.99,19.49,220054,1,1
13892,"2014-03-27 13:31:25",12958,49.99,19.49,220083,1,1
13893,"2014-03-27 13:31:25",12958,59.99,22.49,220083,2,0
13894,"2014-03-27 13:39:09",12959,49.99,19.49,220091,1,1
13895,"2014-03-27 13:46:07",12960,59.99,22.49,220094,2,1
13896,"2014-03-27 14:53:58",12961,49.99,19.49,220141,1,1
13897,"2014-03-27 15:26:56",12962,49.99,19.49,220150,1,1
13898,"2014-03-27 15:48:12",12963,59.99,22.49,220168,2,1
13899,"2014-03-27 15:49:21",12964,45.99,14.49,220162,3,1
13900,"2014-03-27 15:49:21",12964,29.99,9.49,220162,4,0
13901,"2014-03-27 16:07:13",12965,49.99,19.49,220174,1,1
13902,"2014-03-27 16:12:46",12966,49.99,19.49,220176,1,1
13903,"2014-03-27 16:14:44",12967,45.99,14.49,220179,3,1
13904,"2014-03-27 16:44:28",12968,45.99,14.49,220196,3,1
13905,"2014-03-27 16:46:53",12969,49.99,19.49,220203,1,1
13906,"2014-03-27 17:15:44",12970,49.99,19.49,220222,1,1
13907,"2014-03-27 18:36:03",12971,59.99,22.49,220254,2,1
13908,"2014-03-27 18:38:31",12972,49.99,19.49,220258,1,1
13909,"2014-03-27 18:49:57",12973,49.99,19.49,220265,1,1
13910,"2014-03-27 18:49:57",12973,45.99,14.49,220265,3,0
13911,"2014-03-27 19:10:41",12974,59.99,22.49,220277,2,1
13912,"2014-03-27 19:10:41",12974,29.99,9.49,220277,4,0
13913,"2014-03-27 19:35:39",12975,49.99,19.49,220288,1,1
13914,"2014-03-27 19:35:39",12975,29.99,9.49,220288,4,0
13915,"2014-03-27 20:01:55",12976,59.99,22.49,220295,2,1
13916,"2014-03-27 20:45:45",12977,49.99,19.49,220310,1,1
13917,"2014-03-27 22:00:54",12978,59.99,22.49,220340,2,1
13918,"2014-03-27 23:30:06",12979,49.99,19.49,220364,1,1
13919,"2014-03-27 23:30:06",12979,29.99,9.49,220364,4,0
13920,"2014-03-28 00:29:57",12980,49.99,19.49,220387,1,1
13921,"2014-03-28 00:37:18",12981,49.99,19.49,220388,1,1
13922,"2014-03-28 00:37:18",12981,45.99,14.49,220388,3,0
13923,"2014-03-28 02:23:58",12982,45.99,14.49,220403,3,1
13924,"2014-03-28 02:50:43",12983,49.99,19.49,220407,1,1
13925,"2014-03-28 02:50:43",12983,29.99,9.49,220407,4,0
13926,"2014-03-28 02:59:13",12984,49.99,19.49,220409,1,1
13927,"2014-03-28 02:59:13",12984,29.99,9.49,220409,4,0
13928,"2014-03-28 04:16:16",12985,59.99,22.49,220428,2,1
13929,"2014-03-28 04:16:16",12985,29.99,9.49,220428,4,0
13930,"2014-03-28 04:33:56",12986,49.99,19.49,220432,1,1
13931,"2014-03-28 05:16:50",12987,49.99,19.49,220438,1,1
13932,"2014-03-28 05:16:50",12987,29.99,9.49,220438,4,0
13933,"2014-03-28 05:31:46",12988,49.99,19.49,220443,1,1
13934,"2014-03-28 06:13:40",12989,49.99,19.49,220451,1,1
13935,"2014-03-28 07:11:21",12990,59.99,22.49,220461,2,1
13936,"2014-03-28 07:26:23",12991,49.99,19.49,220463,1,1
13937,"2014-03-28 08:08:04",12992,49.99,19.49,220476,1,1
13938,"2014-03-28 09:24:16",12993,49.99,19.49,220511,1,1
13939,"2014-03-28 10:00:31",12994,49.99,19.49,220516,1,1
13940,"2014-03-28 10:00:31",12994,29.99,9.49,220516,4,0
13941,"2014-03-28 10:12:27",12995,45.99,14.49,220522,3,1
13942,"2014-03-28 10:26:13",12996,49.99,19.49,220525,1,1
13943,"2014-03-28 11:57:19",12997,49.99,19.49,220586,1,1
13944,"2014-03-28 11:58:58",12998,49.99,19.49,220587,1,1
13945,"2014-03-28 11:58:58",12998,29.99,9.49,220587,4,0
13946,"2014-03-28 12:03:06",12999,49.99,19.49,220585,1,1
13947,"2014-03-28 12:10:13",13000,45.99,14.49,220588,3,1
13948,"2014-03-28 12:10:13",13000,49.99,19.49,220588,1,0
13949,"2014-03-28 12:54:29",13001,49.99,19.49,220616,1,1
13950,"2014-03-28 13:35:26",13002,49.99,19.49,220632,1,1
13951,"2014-03-28 13:35:26",13002,29.99,9.49,220632,4,0
13952,"2014-03-28 13:42:37",13003,49.99,19.49,220638,1,1
13953,"2014-03-28 14:41:48",13004,59.99,22.49,220661,2,1
13954,"2014-03-28 15:06:23",13005,49.99,19.49,220674,1,1
13955,"2014-03-28 15:06:23",13005,29.99,9.49,220674,4,0
13956,"2014-03-28 15:08:31",13006,45.99,14.49,220675,3,1
13957,"2014-03-28 16:32:41",13007,59.99,22.49,220730,2,1
13958,"2014-03-28 16:55:35",13008,49.99,19.49,220746,1,1
13959,"2014-03-28 17:05:08",13009,49.99,19.49,220759,1,1
13960,"2014-03-28 17:05:08",13009,29.99,9.49,220759,4,0
13961,"2014-03-28 17:10:59",13010,49.99,19.49,220760,1,1
13962,"2014-03-28 17:16:24",13011,49.99,19.49,220762,1,1
13963,"2014-03-28 17:16:24",13011,45.99,14.49,220762,3,0
13964,"2014-03-28 17:30:50",13012,49.99,19.49,220771,1,1
13965,"2014-03-28 18:28:41",13013,49.99,19.49,220799,1,1
13966,"2014-03-28 19:06:36",13014,45.99,14.49,220814,3,1
13967,"2014-03-28 19:43:01",13015,49.99,19.49,220824,1,1
13968,"2014-03-28 21:58:39",13016,49.99,19.49,220849,1,1
13969,"2014-03-28 21:58:39",13016,45.99,14.49,220849,3,0
13970,"2014-03-29 01:00:17",13017,45.99,14.49,220879,3,1
13971,"2014-03-29 01:17:37",13018,49.99,19.49,220882,1,1
13972,"2014-03-29 01:17:37",13018,45.99,14.49,220882,3,0
13973,"2014-03-29 01:33:44",13019,49.99,19.49,220885,1,1
13974,"2014-03-29 02:13:20",13020,49.99,19.49,220891,1,1
13975,"2014-03-29 04:44:27",13021,49.99,19.49,220902,1,1
13976,"2014-03-29 06:20:41",13022,49.99,19.49,220914,1,1
13977,"2014-03-29 08:04:31",13023,59.99,22.49,220925,2,1
13978,"2014-03-29 08:04:31",13023,45.99,14.49,220925,3,0
13979,"2014-03-29 08:21:12",13024,45.99,14.49,220930,3,1
13980,"2014-03-29 11:02:59",13025,49.99,19.49,220962,1,1
13981,"2014-03-29 11:11:56",13026,49.99,19.49,220963,1,1
13982,"2014-03-29 12:08:32",13027,59.99,22.49,220972,2,1
13983,"2014-03-29 13:11:16",13028,45.99,14.49,220988,3,1
13984,"2014-03-29 13:11:16",13028,49.99,19.49,220988,1,0
13985,"2014-03-29 14:02:26",13029,49.99,19.49,220996,1,1
13986,"2014-03-29 14:04:47",13030,59.99,22.49,220997,2,1
13987,"2014-03-29 14:40:55",13031,49.99,19.49,221000,1,1
13988,"2014-03-29 15:13:11",13032,49.99,19.49,221010,1,1
13989,"2014-03-29 15:13:11",13032,45.99,14.49,221010,3,0
13990,"2014-03-29 17:18:11",13033,49.99,19.49,221037,1,1
13991,"2014-03-29 17:18:11",13033,45.99,14.49,221037,3,0
13992,"2014-03-29 17:40:05",13034,49.99,19.49,221042,1,1
13993,"2014-03-29 17:40:05",13034,29.99,9.49,221042,4,0
13994,"2014-03-29 18:12:44",13035,49.99,19.49,221045,1,1
13995,"2014-03-29 20:11:51",13036,45.99,14.49,221058,3,1
13996,"2014-03-29 20:11:51",13036,29.99,9.49,221058,4,0
13997,"2014-03-29 20:19:34",13037,49.99,19.49,221059,1,1
13998,"2014-03-29 20:34:30",13038,59.99,22.49,221064,2,1
13999,"2014-03-29 22:47:29",13039,49.99,19.49,221085,1,1
14000,"2014-03-29 23:14:59",13040,49.99,19.49,221087,1,1
14001,"2014-03-29 23:34:42",13041,45.99,14.49,221090,3,1
14002,"2014-03-30 01:20:57",13042,49.99,19.49,221108,1,1
14003,"2014-03-30 01:20:57",13042,45.99,14.49,221108,3,0
14004,"2014-03-30 02:00:21",13043,45.99,14.49,221112,3,1
14005,"2014-03-30 02:37:54",13044,49.99,19.49,221120,1,1
14006,"2014-03-30 06:02:13",13045,49.99,19.49,221136,1,1
14007,"2014-03-30 06:02:13",13045,59.99,22.49,221136,2,0
14008,"2014-03-30 09:05:25",13046,49.99,19.49,221161,1,1
14009,"2014-03-30 09:18:58",13047,49.99,19.49,221163,1,1
14010,"2014-03-30 09:45:55",13048,45.99,14.49,221171,3,1
14011,"2014-03-30 12:56:33",13049,59.99,22.49,221216,2,1
14012,"2014-03-30 12:56:33",13049,29.99,9.49,221216,4,0
14013,"2014-03-30 15:08:40",13050,49.99,19.49,221240,1,1
14014,"2014-03-30 15:14:57",13051,49.99,19.49,221241,1,1
14015,"2014-03-30 15:14:57",13051,29.99,9.49,221241,4,0
14016,"2014-03-30 15:42:41",13052,49.99,19.49,221251,1,1
14017,"2014-03-30 15:42:41",13052,29.99,9.49,221251,4,0
14018,"2014-03-30 16:01:55",13053,49.99,19.49,221257,1,1
14019,"2014-03-30 16:01:55",13053,45.99,14.49,221257,3,0
14020,"2014-03-30 16:19:15",13054,59.99,22.49,221268,2,1
14021,"2014-03-30 16:19:15",13054,29.99,9.49,221268,4,0
14022,"2014-03-30 17:02:04",13055,49.99,19.49,221283,1,1
14023,"2014-03-30 17:12:45",13056,49.99,19.49,221288,1,1
14024,"2014-03-30 18:54:36",13057,49.99,19.49,221310,1,1
14025,"2014-03-30 19:54:43",13058,59.99,22.49,221328,2,1
14026,"2014-03-30 19:54:43",13058,29.99,9.49,221328,4,0
14027,"2014-03-30 20:41:59",13059,49.99,19.49,221345,1,1
14028,"2014-03-30 20:41:59",13059,29.99,9.49,221345,4,0
14029,"2014-03-30 22:02:13",13060,49.99,19.49,221372,1,1
14030,"2014-03-30 22:02:13",13060,45.99,14.49,221372,3,0
14031,"2014-03-30 22:34:09",13061,45.99,14.49,221390,3,1
14032,"2014-03-30 23:06:01",13062,59.99,22.49,221398,2,1
14033,"2014-03-30 23:06:01",13062,45.99,14.49,221398,3,0
14034,"2014-03-30 23:09:46",13063,49.99,19.49,221401,1,1
14035,"2014-03-30 23:51:28",13064,49.99,19.49,221421,1,1
14036,"2014-03-30 23:59:34",13065,49.99,19.49,221425,1,1
14037,"2014-03-31 04:45:04",13066,59.99,22.49,221487,2,1
14038,"2014-03-31 06:42:33",13067,49.99,19.49,221512,1,1
14039,"2014-03-31 06:42:33",13067,29.99,9.49,221512,4,0
14040,"2014-03-31 07:30:27",13068,49.99,19.49,221523,1,1
14041,"2014-03-31 07:30:27",13068,29.99,9.49,221523,4,0
14042,"2014-03-31 08:31:31",13069,49.99,19.49,221536,1,1
14043,"2014-03-31 09:00:06",13070,49.99,19.49,221554,1,1
14044,"2014-03-31 09:16:04",13071,45.99,14.49,221564,3,1
14045,"2014-03-31 09:16:50",13072,49.99,19.49,221563,1,1
14046,"2014-03-31 09:16:50",13072,59.99,22.49,221563,2,0
14047,"2014-03-31 09:23:12",13073,49.99,19.49,221566,1,1
14048,"2014-03-31 10:03:45",13074,49.99,19.49,221586,1,1
14049,"2014-03-31 10:25:59",13075,49.99,19.49,221598,1,1
14050,"2014-03-31 10:40:11",13076,49.99,19.49,221606,1,1
14051,"2014-03-31 10:42:39",13077,49.99,19.49,221607,1,1
14052,"2014-03-31 10:42:39",13077,29.99,9.49,221607,4,0
14053,"2014-03-31 10:47:35",13078,49.99,19.49,221618,1,1
14054,"2014-03-31 10:48:54",13079,49.99,19.49,221615,1,1
14055,"2014-03-31 10:56:34",13080,59.99,22.49,221620,2,1
14056,"2014-03-31 10:56:34",13080,45.99,14.49,221620,3,0
14057,"2014-03-31 10:58:55",13081,49.99,19.49,221621,1,1
14058,"2014-03-31 11:36:31",13082,49.99,19.49,221648,1,1
14059,"2014-03-31 11:36:31",13082,29.99,9.49,221648,4,0
14060,"2014-03-31 12:32:14",13083,49.99,19.49,221670,1,1
14061,"2014-03-31 12:32:14",13083,29.99,9.49,221670,4,0
14062,"2014-03-31 12:44:26",13084,49.99,19.49,221678,1,1
14063,"2014-03-31 12:44:26",13084,45.99,14.49,221678,3,0
14064,"2014-03-31 12:59:43",13085,49.99,19.49,221688,1,1
14065,"2014-03-31 13:09:04",13086,49.99,19.49,221694,1,1
14066,"2014-03-31 13:12:26",13087,49.99,19.49,221695,1,1
14067,"2014-03-31 13:41:13",13088,49.99,19.49,221718,1,1
14068,"2014-03-31 13:41:13",13088,29.99,9.49,221718,4,0
14069,"2014-03-31 13:56:33",13089,45.99,14.49,221729,3,1
14070,"2014-03-31 13:56:33",13089,29.99,9.49,221729,4,0
14071,"2014-03-31 14:41:51",13090,49.99,19.49,221761,1,1
14072,"2014-03-31 14:41:51",13090,59.99,22.49,221761,2,0
14073,"2014-03-31 15:31:25",13091,49.99,19.49,221795,1,1
14074,"2014-03-31 15:36:52",13092,49.99,19.49,221798,1,1
14075,"2014-03-31 15:49:39",13093,49.99,19.49,221809,1,1
14076,"2014-03-31 16:14:52",13094,45.99,14.49,221828,3,1
14077,"2014-03-31 17:19:13",13095,49.99,19.49,221874,1,1
14078,"2014-03-31 17:20:41",13096,49.99,19.49,221870,1,1
14079,"2014-03-31 17:35:06",13097,49.99,19.49,221883,1,1
14080,"2014-03-31 17:39:13",13098,49.99,19.49,221884,1,1
14081,"2014-03-31 17:53:48",13099,49.99,19.49,221889,1,1
14082,"2014-03-31 21:35:56",13100,59.99,22.49,221970,2,1
14083,"2014-03-31 21:49:55",13101,45.99,14.49,221984,3,1
14084,"2014-03-31 23:32:23",13102,49.99,19.49,222013,1,1
14085,"2014-03-31 23:32:23",13102,59.99,22.49,222013,2,0
